provincia;nombre_municipio;nombre_municipio_norm;descripcion1
valencia;Ador;ador;Municipio de ambiente sencillo y tradicional, ideal para quien busca tranquilidad sin desconectarse del paisaje mediterráneo. Su entorno combina calles calmadas, huerta, barrancos, fuentes y la Sierra de Ador, así que encaja muy bien con personas que valoran un pueblo pequeño, verde y con rutas cerca.
valencia;Agullent;agullent;Localidad de interior con un aire muy sereno, rodeada de sierra, fuentes y caminos para perderse andando. Tiene ese punto de pueblo tranquilo de la Vall d’Albaida donde la naturaleza pesa mucho en la vida cotidiana, con rincones como la Font Jordana y sendas que salen casi desde el propio municipio.
valencia;Aielo de Malferit;aielo de malferit;Municipio con carácter histórico y un punto cultural bastante marcado, pero sin perder el ambiente de pueblo de interior. El río Clariano, sus puentes y su patrimonio le dan una personalidad tranquila y algo nostálgica, perfecta para quien quiera un lugar con historia y paisaje sin sensación de gran ciudad.
valencia;Aielo de Rugat;aielo de rugat;Pequeño rincón de la Vall d’Albaida con un ambiente muy rural, de calles tradicionales, huertas y barrancos. Es de esos lugares que encajan con quien busca silencio, paisaje interior y paseos sencillos, con el castillo en lo alto aportando un punto más paisajístico y especial.
valencia;Alaquàs;alaquas;Municipio de perfil más urbano y metropolitano, pero todavía con huella clara de la huerta valenciana. Puede encajar con quien busca cercanía a València, vida práctica y servicios, sin renunciar del todo a un paisaje de acequias, caminos agrícolas y zonas con memoria histórica.
valencia;Albaida;albaida;Localidad con mucho peso cultural y un entorno natural muy interesante, más pensada para quien quiere algo con identidad propia. Sus calles, museos, palacios y rutas hacia parajes como la Covalta hacen que tenga un equilibrio bonito entre patrimonio, vida de pueblo y paisaje de montaña.
valencia;Albal;albal;Municipio de la huerta sur, con un carácter bastante práctico y cercano al área metropolitana de València. No transmite tanto una sensación rural aislada, sino más bien la de un lugar cotidiano, bien situado, donde aún quedan referencias de huerta y patrimonio local dentro de un entorno bastante urbanizado.
valencia;Albalat de la Ribera;albalat de la ribera;Localidad muy ligada a la llanura fluvial, con campos de arrozales, naranjos y la presencia cercana del Júcar. Tiene un ambiente tranquilo y agrícola, ideal para quien busque una vida pausada, luminosa y conectada con el paisaje de la Ribera y de l’Albufera.
valencia;Albalat dels Sorells;albalat dels sorells;Municipio de huerta, acequias y campos ordenados, con una sensación muy clara de paisaje valenciano tradicional. Es una opción agradable para quien quiera calma, cercanía a València y un entorno donde todavía se percibe la estructura agrícola de l’Horta Nord.
valencia;Alberic;alberic;Localidad de la Ribera Alta con ambiente de pueblo vivo, calles tradicionales y paisaje de naranjos. Tiene un tono bastante amable para quien busque un municipio con identidad propia, paseos junto al Júcar y una mezcla de vida cotidiana, tradición y entorno agrícola.
valencia;Alborache;alborache;Municipio rural y muy marcado por el agua, con un ambiente tranquilo y natural. La ruta de los molinos, el río Buñol y los caminos entre frutales le dan un carácter muy agradable para quien quiera desconectar, pasear y vivir en un entorno menos urbano.
valencia;Alboraia/Alboraya;alboraya;Zona muy especial porque mezcla huerta, playa y cercanía directa a València. Puede gustar tanto a quien quiera ambiente mediterráneo y paseo marítimo como a quien valore la huerta tradicional, la chufa, la horchata y esa sensación de estar entre campos y mar.
valencia;Albuixech;albuixech;Municipio de l’Horta Nord con un ambiente tranquilo y de escala cercana, bastante ligado al paisaje de huerta. Es una opción más discreta y residencial, interesante para quien busque estar cerca de València pero con una vida menos intensa que en la capital.
valencia;Alcàntera de Xúquer;alcantera de xuquer;Localidad de la Ribera Alta rodeada de campos de cultivo, con calles bajas y una sensación muy de pueblo agrícola. Encaja bien con quien busca un entorno sencillo, luminoso y tranquilo, donde el paisaje de la ribera y la vida pausada tienen más peso que el movimiento urbano.
valencia;Alcàsser;alcasser;Municipio de huerta con un carácter bastante tradicional en sus calles más antiguas. Puede encajar con quien quiera vivir cerca del área metropolitana, pero en un entorno donde aún se reconocen casas típicas, fachadas sencillas y la memoria agrícola de l’Horta Sud.
valencia;Alcublas;alcublas;Municipio de sierra, almendros, vides y paisajes amplios, con una sensación mucho más rural y de interior. Es ideal para quien valore la calma, los caminos de montaña, el aire abierto y un entorno natural con personalidad propia dentro de la serranía valenciana.
valencia;Alcúdia de Crespins, l';l'alcudia de crespins;Localidad de la Costera con un entorno natural especialmente agradable por el nacimiento del río Sants o Riu Nou. Tiene un aire tranquilo pero fresco, muy vinculado al agua, a los paseos y a una zona de baño interior que le da un punto muy atractivo en verano.
valencia;Alcúdia, l';l'alcudia;Municipio de la Ribera Alta con paisaje de llanura agrícola, marcado por el río Magro y la Acequia Real del Júcar. Transmite una sensación de pueblo práctico y agrícola, con campos, huertos y un entorno muy vinculado a los cultivos tradicionales de la comarca.
valencia;Aldaia;aldaia;Municipio muy próximo a València, con un perfil claramente metropolitano y activo. Es más adecuado para quien busca servicios, conexión y vida urbana de escala media, aunque mantiene elementos propios como su tradición artesanal vinculada al abanico y algunos rincones patrimoniales.
valencia;Alfafar;alfafar;Municipio de l’Horta Sud con una sensación urbana y metropolitana, pero situado en el entorno de l’Albufera. Puede encajar con quien prioriza cercanía a València y vida práctica, con la ventaja de tener cerca un paisaje natural y arrocero muy característico.
valencia;Alfara de la Baronia;alfara de la baronia;Localidad pequeña y tranquila, situada entre la Sierra Calderona y la Sierra de Espadán. Tiene un perfil claramente de interior, ideal para quien quiera vivir rodeado de relieve, rutas senderistas y un ambiente de pueblo más apartado y natural.
valencia;Alfara del Patriarca;alfara del patriarca;Municipio de l’Horta Nord muy vinculado a la huerta, las acequias y los caminos agrícolas. Es una opción tranquila y cercana a València, con un paisaje llano y tradicional que puede gustar a quien busque calma sin alejarse demasiado del entorno metropolitano.
valencia;Alfarrasí;alfarrasi;Localidad de la Vall d’Albaida con un ambiente agrícola muy marcado y un paisaje de cultivos, relieves suaves y ríos cercanos. Transmite una sensación sencilla y luminosa, pensada para quien quiera un pueblo de interior sin grandes pretensiones, pero con calma y entorno rural.
valencia;Alfauir;alfauir;Municipio pequeño de la Safor interior, muy ligado al entorno del Monasterio de Sant Jeroni de Cotalba. Tiene un aire tranquilo, patrimonial y algo escondido, con paisaje de valle y montaña suave, ideal para quien quiera un lugar discreto pero con un entorno con mucha historia.
valencia;Algar de Palància;algar de palancia;Localidad de interior junto al río Palancia, con un ambiente auténtico y bastante natural. Es una buena opción para quien busca rutas, tranquilidad y paisaje entre sierras, con un casco urbano sencillo y una sensación de pueblo recogido.
valencia;Algemesí;algemesi;Municipio con mucha identidad cultural, situado entre paisajes de arroz, cítricos y el entorno de l’Albufera. Puede gustar a quien quiera un lugar con tradición fuerte, vida propia y un paisaje agrícola muy valenciano, sin depender tanto de València capital.
valencia;Alginet;alginet;Municipio de transición entre la Ribera Alta y la huerta valenciana, con paisaje agrícola y sensación de conexión comarcal. Encaja bien con quien busca un lugar funcional, de ambiente tranquilo pero no aislado, rodeado de campos y con una identidad bastante cotidiana.
valencia;Almàssera;almassera;Localidad de l’Horta Nord con un paisaje muy marcado por la huerta y la cercanía a València. Tiene un carácter de pueblo agrícola muy próximo a la ciudad, ideal para quien quiera una vida sencilla, conectada y con campos todavía presentes alrededor.
valencia;Almiserà;almisera;Municipio pequeño de la Safor interior, situado en el valle del río Vernissa. Tiene un perfil muy tranquilo y natural, con barrancos, fuentes y cuevas cercanas, por lo que puede gustar a quien busque un entorno rural, verde y poco masificado.
valencia;Almoines;almoines;Localidad de la Safor con una escala pequeña y tranquila, cercana al paisaje agrícola y al corredor del Serpis. Puede encajar con quien busque un municipio sencillo, bien relacionado con Gandia y con un entorno amable para pasear o moverse en bici.
valencia;Almussafes;almussafes;Municipio acogedor y bastante funcional, situado entre la Ribera Alta y la Ribera Baixa, cerca del entorno de l’Albufera. No destaca por montaña ni playa, pero sí por una vida práctica, cultural y cotidiana, con un paisaje agrícola cercano.
valencia;Alqueria de la Comtessa, l';l'alqueria de la comtessa;Localidad llana de la Safor, situada junto al río Serpis y rodeada de acequias, campos y paisaje agrícola. Tiene un ambiente tranquilo y muy de pueblo, ideal para quien quiera una vida pausada cerca de la costa de la Safor pero sin estar en primera línea de playa.
valencia;Alzira;alzira;Municipio con mucha entidad propia, donde se mezcla vida urbana, paisaje de ribera y naturaleza muy potente en parajes como la Murta y la Casella. Es una opción interesante para quien quiera servicios y movimiento, pero también montaña, rutas y espacios verdes de verdad cerca.
valencia;Anna;anna;Localidad con un atractivo natural muy fuerte, especialmente por sus gorgos, cascadas y zonas de baño interior. Tiene un ambiente de escapada de agua y naturaleza, ideal para quien busque un pueblo con paisaje fresco, rincones bonitos y sensación de refugio en la Canal de Navarrés.
valencia;Antella;antella;Municipio de la Ribera Alta muy marcado por el río Júcar y por un entorno fluvial agradable. Transmite una sensación tranquila y algo veraniega por sus zonas de baño interior, ideal para quien quiera vivir cerca del agua y de un paisaje de ribera.
valencia;Aras de los Olmos;aras de los olmos;Municipio de montaña, alejado del ritmo metropolitano y con un carácter natural muy fuerte. Es perfecto para quien busca cielo limpio, tranquilidad, rutas, biodiversidad y una sensación de interior auténtico, con el atractivo añadido del astroturismo.
valencia;Atzeneta d'Albaida;atzeneta d'albaida;Localidad de interior con una presencia paisajística muy bonita, conocida como mirador de la Vall. Su entorno combina pueblo, sierra calcárea, pinos y cercanía al Benicadell, por lo que encaja muy bien con quien busque calma, vistas y naturaleza de montaña.
valencia;Ayora;ayora;Municipio de interior con carácter de valle amplio, montaña y patrimonio histórico. Tiene una sensación más rural y contundente que otros pueblos, con el castillo dominando el paisaje y un entorno perfecto para quien busca naturaleza, rutas y una vida alejada del área metropolitana.
valencia;Barxeta;barxeta;Localidad agrícola de la Costera, atravesada por el río Barxeta y rodeada de un valle luminoso. Tiene un ambiente tranquilo y de interior, ideal para quien quiera paisaje rural, caminos sencillos y cercanía a zonas de montaña sin sentirse completamente aislado.
valencia;Bèlgida;belgida;Municipio de la Vall d’Albaida con un paisaje de montañas suaves, cultivos y cercanía al río Albaida. Transmite un ambiente muy tranquilo, agrícola y de pueblo pequeño, adecuado para quien quiera desconexión, paisaje interior y una vida sin demasiado ruido.
valencia;Bellreguard;bellreguard;Localidad con doble cara: casco urbano tranquilo y playa familiar cercana. Es una opción muy interesante para quien busca un ambiente mediterráneo sin tanta masificación, con arena fina, paseo marítimo y una sensación más cercana que la de otros destinos costeros grandes.
valencia;Bellús;bellus;Municipio tranquilo de la Vall d’Albaida, muy ligado al río Albaida y al embalse. Tiene un paisaje atractivo para pasear, con zonas como l’Estret de les Aigües, y puede encajar con quien busque un pueblo pequeño, naturaleza cercana y ambiente de interior.
valencia;Benaguasil;benaguasil;Localidad del Camp de Túria con una mezcla de historia, vida cotidiana y naturaleza cercana. El entorno del Parque Natural del Túria y el paraje de la Fenosa le dan un punto verde interesante, ideal para quien quiera conexión con València pero también espacios para pasear y desconectar.
valencia;Benavites;benavites;Municipio pequeño del Camp de Morvedre, rodeado de campos de cítricos y con un ambiente muy tranquilo. Tiene un carácter agrícola y patrimonial, con la torre como elemento más reconocible, perfecto para quien busque un pueblo discreto, tradicional y poco saturado.
valencia;Beneixida;beneixida;Localidad de la Ribera Alta situada en un entorno llano y bañado por el Júcar. Tiene un aire calmado y agrícola, muy apropiado para quien quiera un municipio pequeño, sencillo y vinculado al paisaje de ribera, con más sensación de tranquilidad que de actividad urbana.
valencia;Benetússer;benetusser;Municipio de carácter metropolitano y cotidiano, muy cercano a València, pensado para quien busca comodidad, servicios y vida práctica. Aunque su entorno es bastante urbano, todavía conserva esa memoria de l’Horta Sud, con paisaje llano, acequias y conexión con la tradición agrícola valenciana.
valencia;Beniarjó;beniarjo;Localidad tranquila de la Safor, con un ambiente de pueblo interior cercano a Gandia y una identidad muy ligada a la cultura valenciana. Tiene un punto histórico y literario especial por su relación con Ausiàs March, por lo que encaja bien con quien busque un lugar pequeño, sereno y con cierto peso patrimonial.
valencia;Benicull de Xúquer;benicull de xuquer;Municipio de la Ribera Baixa con un aire agrícola y tranquilo, rodeado de paisaje llano y espacios sencillos para pasear. Puede gustar a quien busque un entorno discreto, de pueblo pequeño, con huerta, caminos y pequeños rincones naturales como la Muntanyeta dels Pins.
valencia;Benifaió;benifaio;Localidad con bastante vida de pueblo y un centro histórico con personalidad, donde se mezclan tradición agrícola, patrimonio y ambiente cotidiano. Es una opción interesante para quien quiere un municipio funcional, pero con calles, torres y edificios que todavía recuerdan su pasado.
valencia;Benifairó de la Valldigna;benifairo de la valldigna;Municipio situado en un entorno muy bonito de la Valldigna, entre montaña, valle y paisaje verde. Tiene un aire tranquilo y algo escondido, ideal para quien busca naturaleza cercana, rutas, historia y una sensación más pausada que la de los municipios costeros.
valencia;Benifairó de les Valls;benifairo de les valls;Localidad de ambiente agrícola y muy mediterráneo, situada en una zona llana próxima a la costa. Sus campos de cítricos, caminos y vistas hacia la Vall de Segó le dan un carácter sereno, perfecto para quien busca tranquilidad sin alejarse demasiado del litoral.
valencia;Beniflá;benifla;Municipio pequeño de la Safor, muy cercano a otros núcleos más activos pero con una sensación más calmada y recogida. El paisaje del Serpis, los campos de naranjos y la proximidad a Gandia lo hacen adecuado para quien quiera vida tranquila sin quedar demasiado apartado.
valencia;Benigànim;beniganim;Localidad de interior con bastante identidad, donde el patrimonio histórico y el paisaje de la Vall d’Albaida tienen mucho peso. Puede encajar con quien busque un municipio con vida propia, calles con historia y vistas agradables desde sus zonas más altas.
valencia;Benimodo;benimodo;Municipio de la Ribera Alta con un ambiente agrícola y llano, pero con pequeños contrastes naturales hacia la Serra del Cavalló. Es una opción sencilla y tranquila, adecuada para quien valore el paisaje de cultivos, los parajes de agua y la vida de pueblo sin demasiado ruido.
valencia;Benimuslem;benimuslem;Localidad muy ligada al Júcar y al paisaje agrícola de la Ribera Alta. Tiene una sensación calmada, llana y luminosa, ideal para quien busca un pueblo pequeño, rodeado de campos y con una relación directa con el entorno fluvial.
valencia;Beniparrell;beniparrell;Municipio cercano a València, con un perfil bastante práctico y de escala pequeña. Su entorno mezcla huerta, actividad local y tradición, por lo que puede encajar con quien quiera estar cerca del área metropolitana pero en un lugar más recogido que la capital.
valencia;Benirredrà;benirredra;Localidad pequeña de la Safor, muy integrada en el entorno urbano de Gandia pero con una escala mucho más tranquila. Es una opción discreta para quien quiera cercanía a servicios y costa, pero con una sensación más de pueblo que de ciudad grande.
valencia;Benissanó;benissano;Municipio del Camp de Túria con un aire histórico muy marcado por su castillo-palacio y su casco tradicional. Puede gustar a quien busca un pueblo con encanto patrimonial, rodeado de huerta y con una sensación tranquila sin estar lejos de zonas más activas.
valencia;Benissuera;benissuera;Localidad muy pequeña y tranquila de la Vall d’Albaida, con una atmósfera rural clara. Su entorno agrícola junto al río Albaida la convierte en una opción para quien busca silencio, vida pausada y un pueblo donde el paisaje tiene más protagonismo que el movimiento urbano.
valencia;Bétera;betera;Municipio con una mezcla muy interesante entre vida residencial, cercanía a València y naturaleza al pie de la Calderona. Es una opción cómoda para quien quiere servicios y conexión, pero también espacios verdes, patrimonio y una sensación menos densa que la ciudad.
valencia;Bocairent;bocairent;Localidad con muchísimo encanto, marcada por su casco histórico, las calles de piedra y el paisaje de la Serra de Mariola. Tiene un aire de pueblo antiguo y especial, ideal para quien busque naturaleza, patrimonio, rutas y una sensación de interior con mucha personalidad.
valencia;Bolbaite;bolbaite;Municipio de interior con un atractivo natural muy fuerte, sobre todo por el río Sellent y sus zonas de baño. Tiene ese ambiente de escapada tranquila, con agua, senderos y casco tradicional, perfecto para quien busque un pueblo fresco, sencillo y rodeado de naturaleza.
valencia;Bonrepòs i Mirambell;bonrepos i mirambell;Localidad de l’Horta Nord con un carácter cercano y tranquilo, situada en un paisaje llano y muy vinculado a la huerta. Es una opción cómoda para quien quiera estar cerca de València, pero en un entorno más pequeño, sencillo y de ritmo más calmado.
valencia;Buñol;bunol;Municipio con bastante personalidad, rodeado de barrancos, fuentes, ríos y paisaje de interior. Tiene una mezcla atractiva de naturaleza, patrimonio y vida local intensa, ideal para quien quiera un lugar con carácter propio y no simplemente un pueblo dormitorio.
valencia;Burjassot;burjassot;Municipio urbano y muy cercano a València, con una identidad propia dentro del área metropolitana. Es una opción para quien prioriza servicios, transporte y vida activa, aunque todavía conserva elementos patrimoniales y restos de paisaje agrícola hacia la huerta.
valencia;Camporrobles;camporrobles;Localidad de interior con un ambiente muy rural, abierta a paisajes amplios, rutas y patrimonio arqueológico. Encaja con quien busca tranquilidad, naturaleza más seca y auténtica, y una vida alejada del ritmo metropolitano.
valencia;Canals;canals;Municipio de la Costera con una mezcla de vida cotidiana, patrimonio y agua. El río dels Sants, los lavaderos y la Torre de los Borja le dan un carácter bastante reconocible, ideal para quien quiera un pueblo activo pero con historia y rincones agradables.
valencia;Canet d'En Berenguer;canet d'en berenguer;Localidad costera de ambiente luminoso y mediterráneo, con una playa muy presente y un entorno que todavía mantiene relación con los campos de naranjos. Es ideal para quien busca mar, paseo, vida tranquila y un punto más familiar que urbano.
valencia;Carcaixent;carcaixent;Municipio con una identidad agrícola muy fuerte, especialmente vinculada a la naranja y a los huertos monumentales. Tiene un aire de ciudad de la Ribera con historia, patrimonio y paisaje de cultivo, adecuada para quien quiera un lugar con vida propia y raíces muy valencianas.
valencia;Càrcer;carcer;Localidad tranquila del valle de Càrcer, rodeada de paisaje agrícola, montañas cercanas y la presencia del Júcar y el Sellent. Transmite una sensación de pueblo de ribera, con calles sencillas, acequias y un ritmo pausado.
valencia;Carlet;carlet;Municipio de la Ribera Alta con un perfil práctico y agrícola, situado en un entorno de campos y zonas verdes junto al río Magro. Puede encajar con quien busque un lugar con servicios y vida local, pero todavía conectado con el paisaje rural valenciano.
valencia;Casas Bajas;casas bajas;Municipio de interior con un ambiente muy tranquilo y montañoso, marcado por el Turia y el paisaje del Rincón de Ademuz. Es una opción para quien busca desconexión real, naturaleza, caminos y una sensación de pueblo pequeño rodeado de relieve y agua.
valencia;Castelló;castello;Municipio de la Ribera Alta situado en un entorno muy ligado al Júcar y al Albaida, con paisaje llano y agrícola. Tiene una sensación de pueblo de ribera, sencillo y cotidiano, con el contraste de la montaña del castillo como punto visual del paisaje.
valencia;Castelló de Rugat;castello de rugat;Localidad de la Vall d’Albaida con mucho sabor rural y tradición artesanal, especialmente ligada a la cerámica. Su entorno de barrancos, fuentes, miradores y paisaje interior la hace atractiva para quien busque un pueblo tranquilo, con identidad y naturaleza cerca.
valencia;Castellonet de la Conquesta;castellonet de la conquesta;Municipio muy pequeño y recogido, situado entre montañas suaves y con un aire claramente rural. Es una opción para quien quiera silencio, paisaje interior, rutas sencillas y una vida de pueblo muy tranquila, casi escondida.
valencia;Catadau;catadau;Localidad de la Vall dels Alcalans, con un paisaje agrícola y zonas de sierra cercanas. Transmite una sensación tranquila y mediterránea, adecuada para quien busca un pueblo de interior con campos, caminos y pequeños parajes naturales.
valencia;Catarroja;catarroja;Municipio de l’Horta Sud muy vinculado a l’Albufera, la marjal, el arroz y el puerto. Aunque tiene un perfil urbano y cercano a València, conserva una personalidad muy marcada por el agua, la huerta y el paisaje tradicional valenciano.
valencia;Caudete de las Fuentes;caudete de las fuentes;Localidad de interior con un paisaje de altiplano, vega y patrimonio arqueológico muy relevante. Tiene un aire tranquilo y algo histórico, ideal para quien busque un municipio menos masificado, rodeado de paisaje abierto y con una identidad antigua muy presente.
valencia;Cerdà;cerda;Municipio pequeño de la Costera, cercano a Xàtiva y a otros núcleos con más movimiento. Tiene un ambiente sencillo y tranquilo, con patrimonio local, lavadero, iglesia y un entorno ligado al valle del Cànyoles, adecuado para quien busque una vida muy calmada.
valencia;Chera;chera;Municipio de interior con una personalidad natural muy potente, marcado por montañas, barrancos, fuentes y el Parque Natural de Chera-Sot de Chera. Es ideal para quien quiera senderismo, paisaje geológico, tranquilidad y una sensación clara de escapada rural.
valencia;Cheste;cheste;Localidad con ambiente de interior valenciano, tradición vinícola y un casco urbano con elementos patrimoniales. Puede encajar con quien busque un municipio activo pero tranquilo, rodeado de paisaje agrícola y con una identidad muy ligada al vino y a sus fiestas.
valencia;Chiva;chiva;Municipio con una mezcla muy atractiva de cercanía a València y paisaje de interior, situado bajo la Loma del Castillo y con vistas abiertas hacia el mar y la montaña. Es una opción interesante para quien quiere tranquilidad, naturaleza, patrimonio y buena conexión sin vivir en plena ciudad.
valencia;Chulilla;chulilla;Localidad de interior con un paisaje espectacular, marcada por el cañón del Turia, paredes de roca y rutas muy reconocibles. Es perfecta para quien busca naturaleza potente, senderismo, vistas, agua y un ambiente de pueblo con mucho encanto paisajístico.
valencia;Cofrentes;cofrentes;Municipio de interior con un paisaje muy singular, situado entre montañas, ríos y el entorno volcánico del Cerro de Agrás. Tiene un aire de escapada natural y termal, ideal para quien busque tranquilidad, rutas, agua y un entorno diferente al paisaje valenciano más típico.
valencia;Corbera;corbera;Localidad de la Ribera Baixa con un carácter marcado por su castillo, que domina el pueblo desde una colina. Tiene una sensación tranquila y algo histórica, con paisaje agrícola alrededor y un punto visual muy reconocible desde la parte alta.
valencia;Cotes;cotes;Municipio pequeño del valle de Càrcer, con un entorno que mezcla llanura agrícola, río Sellent y zona montañosa hacia el oeste. Es una opción serena y rural, adecuada para quien quiera un pueblo discreto, con campos de cítricos y ritmo muy pausado.
valencia;Cullera;cullera;Localidad costera con mucha fuerza paisajística, donde se mezclan playas, montaña, arrozales, castillo y ambiente mediterráneo. Encaja muy bien con quien busca mar y vida activa, pero también historia, vistas y naturaleza cercana.
valencia;Daimús;daimus;Municipio de la Safor con doble ambiente: pueblo agrícola tradicional y zona de playa tranquila. Puede gustar a quien quiera costa sin tanta intensidad urbana, con una playa amable, paisaje llano y una sensación más familiar que turística masiva.
valencia;Domeño;domeno;Municipio con una historia peculiar, dividido entre el núcleo actual y Domeño Viejo, donde el paisaje de monte, fuentes, ríos y cascadas tiene mucho protagonismo. Es una opción para quien busque tranquilidad de interior, rutas y una conexión fuerte con la naturaleza.
valencia;Eliana, l';l'eliana;Municipio residencial y agradable del Camp de Túria, muy pensado para quien busca calidad de vida, zonas tranquilas y buena conexión con València. Tiene un perfil más cómodo y familiar que rural profundo, con una sensación de urbanización verde y vida pausada cerca del área metropolitana.
valencia;Emperador;emperador;Municipio muy pequeño y recogido de l’Horta Nord, con una sensación de cercanía y escala casi mínima. Encaja con quien busca un lugar sencillo, llano y muy próximo a València, donde el encanto está más en la tranquilidad del entorno cotidiano que en grandes paisajes o monumentos.
valencia;Enguera;enguera;Localidad de interior con un paisaje mucho más potente y montañoso, llena de barrancos, cerros, pinares y rincones de naturaleza mediterránea. Es una opción ideal para quien quiere desconectar de verdad, con sensación de pueblo amplio, histórico y rodeado de monte.
valencia;Énova, l';l'enova;Municipio tranquilo de la Ribera Alta, situado en un entorno mayoritariamente llano pero con pequeñas ondulaciones al sur que le dan algo más de personalidad paisajística. Puede gustar a quien busque un pueblo agrícola, sereno y cercano a Xàtiva, con una vida sencilla y muy ligada al campo.
valencia;Estivella;estivella;Localidad con un entorno muy agradable entre el río Palancia y la Sierra Calderona. Tiene un punto natural y residencial bastante equilibrado, ideal para quien quiera vivir cerca de la montaña, pero sin alejarse demasiado de la costa ni de València.
valencia;Estubeny;estubeny;Municipio pequeño y rural de la Costera, con un ambiente muy pausado y una sensación de pueblo escondido. Es una buena opción para quien valore la calma, el paisaje agrícola y la cercanía a parajes naturales sin buscar un lugar demasiado movido.
valencia;Faura;faura;Localidad de la Vall de Segó con un paisaje muy mediterráneo, rodeado de naranjos y situado cerca de Sagunto. Tiene un ambiente agrícola, tranquilo y luminoso, perfecto para quien quiera un pueblo cercano a la costa pero con más sensación de huerta que de playa.
valencia;Favara;favara;Municipio situado al pie de la Serra de Corbera, con un entorno más montañoso y verde de lo que podría parecer por su cercanía a la Ribera. Encaja con quien busca un pueblo tranquilo, rodeado de cultivos, monte bajo y caminos, pero sin estar lejos de zonas más activas como Cullera o Alzira.
valencia;Foios;foios;Localidad de l’Horta Nord con una identidad muy ligada a la huerta, la gastronomía y la vida cultural de proximidad. Es una opción cómoda para quien quiere estar cerca de València, pero manteniendo un ambiente de pueblo con campos, tradición y vida local bastante marcada.
valencia;Font de la Figuera, la;la font de la figuera;Municipio de interior con una sensación más seca, amplia y de paso natural entre valles y sierras. Su ubicación en la cabecera del valle de Montesa y junto a la Serra Grossa le da un carácter de pueblo de carretera, paisaje abierto y tradición agrícola, ideal para quien busque espacio y tranquilidad.
valencia;Font d'En Carròs, la;la font d'en carros;Localidad de la Safor con un equilibrio muy atractivo entre interior, patrimonio y cercanía a la playa. Tiene un aire tranquilo y tradicional, pero su situación permite disfrutar tanto del paisaje de valle como del litoral en pocos minutos, por lo que encaja con quien quiera calma sin renunciar al mar.
valencia;Fortaleny;fortaleny;Municipio de la Ribera Baixa con un ambiente muy agrícola y fluvial, especialmente vinculado al Júcar. Es un lugar sencillo, llano y tranquilo, ideal para quien busque una vida pausada entre campos, caminos y paisaje de ribera.
valencia;Fuenterrobles;fuenterrobles;Localidad de interior con paisaje de meseta, viñas, campos abiertos y sierras cercanas. Tiene un carácter más rural y castellano-valenciano, perfecto para quien busca amplitud, calma, aire seco y una sensación de pueblo alejado del ritmo metropolitano.
valencia;Gandia;gandia;Ciudad con una mezcla muy completa de playa, patrimonio, vida urbana y paisaje natural ligado al Serpis. Puede encajar con quien quiere más movimiento, servicios y ambiente mediterráneo, pero también valora tener costa, historia y espacios naturales cerca.
valencia;Gátova;gatova;Municipio de montaña en plena Sierra Calderona, con una sensación clara de naturaleza, aire limpio y desconexión. Es ideal para quien busque rutas, fuentes, vistas y un pueblo pequeño con personalidad serrana, más orientado a la calma que a la vida urbana.
valencia;Gavarda;gavarda;Localidad de la Ribera Alta muy marcada por el Júcar, la huerta y una historia urbana particular ligada al traslado de parte del municipio tras la riada. Tiene un ambiente tranquilo y agrícola, con vistas de ribera y una sensación de pueblo reconstruido pero muy unido a su paisaje.
valencia;Genovés, el;el genoves;Municipio tranquilo y equilibrado, situado en las estribaciones de la Serra Grossa. Tiene un aire rural sin grandes pretensiones monumentales, pero con arquitectura tradicional, paisaje amable y una escala muy cómoda para quien busque vida de pueblo cerca de Xàtiva.
valencia;Gilet;gilet;Localidad con un entorno natural muy atractivo, entre la Sierra Calderona y la cuenca del Palancia. Tiene un perfil perfecto para quien quiera montaña, senderos y un punto espiritual o patrimonial gracias al Monasterio de Santo Espíritu, pero estando todavía cerca del litoral y de Sagunto.
valencia;Godella;godella;Municipio residencial y muy ligado a la huerta, con un punto más cuidado y agradable dentro del área metropolitana. El Balcón de la Huerta y la presencia de la Real Acequia de Moncada le dan un carácter especial para quien busca cercanía a València, pero con paisaje agrícola y cierta calma.
valencia;Granja de la Costera, la;la granja de la costera;Municipio muy tranquilo de la Costera, situado sobre una llanura natural y rodeado de campos de cultivo. Encaja con quien busca un pueblo pequeño, sencillo y sin grandes desniveles, donde el atractivo principal está en la paz del entorno y en los paseos entre acequias y regadío.
valencia;Guadasséquies;guadassequies;Localidad pequeña de la Vall d’Albaida, muy vinculada al río Albaida y al paisaje del pantano de Bellús. Tiene un aire rural, silencioso y algo nostálgico, ideal para quien quiera tranquilidad, rutas al aire libre y un entorno de agua interior.
valencia;Guadassuar;guadassuar;Municipio agrícola de la Ribera Alta, con campos de regadío, naranjos, frutales y una estructura urbana de calles amplias. Es una opción adecuada para quien busca un pueblo con vida local, paisaje de huerta y una identidad muy conectada con el campo valenciano.
valencia;Guardamar de la Safor;guardamar de la safor;Localidad costera pequeña y tranquila, con una playa de arena fina, dunas y una zona húmeda que le dan un carácter natural muy agradable. Es ideal para quien quiera vivir cerca del mar en un entorno más discreto y familiar que el de los destinos turísticos grandes.
valencia;Jalance;jalance;Municipio de interior con una sensación muy paisajística, marcado por cañones, cuevas y el entorno del Júcar. Es una opción para quien busca naturaleza más abrupta, rutas, miradores y un pueblo con aire de escapada rural dentro del Valle de Ayora-Cofrentes.
valencia;Jarafuel;jarafuel;Localidad de interior conocida por sus fuentes y por un paisaje de secano muy característico. Tiene un ambiente acogedor, tranquilo y natural, ideal para quien quiera un pueblo donde el agua, los caminos y la vida pausada tengan más protagonismo que la actividad urbana.
valencia;Llanera de Ranes;llanera de ranes;Municipio situado junto a la Sierra de Enguera y el río Cànyoles, con un paisaje de transición entre valle, campo y montaña suave. Puede gustar a quien busque un pueblo tranquilo, próximo a Xàtiva y con una sensación rural bastante equilibrada.
valencia;Llocnou de la Corona;llocnou de la corona;Municipio diminuto y llano, casi completamente reducido a su casco urbano, con un encanto curioso por su escala mínima. Es una opción muy peculiar para quien quiera cercanía absoluta al área metropolitana y una vida de pueblo muy pequeña, más urbana que paisajística.
valencia;Llocnou de Sant Jeroni;llocnou de sant jeroni;Localidad tranquila de la Safor interior, situada en el valle del Vernissa y entre las sierras de Marxuquera y Ador. Tiene un perfil muy natural y senderista, con fuentes, bosques y rutas, ideal para quien busque calma, verde y sensación de pueblo de valle.
valencia;Llocnou d'En Fenollet;llocnou d'en fenollet;Municipio pequeño y agrícola, situado entre el monte del Puig y el río Manuel. Tiene un ambiente sencillo y tradicional, muy ligado a la huerta de regadío y a la arquitectura rural de la Costera, perfecto para quien busque tranquilidad sin grandes artificios.
valencia;Llombai;llombai;Localidad con mucho carácter de interior, situada junto al río Magro y entre relieves como el Caroig y la Sierra Falquera. Tiene un aire tranquilo, agrícola y algo histórico, ideal para quien quiera un pueblo con paisaje natural, tradición y cierta personalidad propia.
valencia;Llosa de Ranes, la;la llosa de ranes;Municipio situado a los pies de la solana de Santa Ana, con algunas calles en pendiente y un paisaje muy ligado a la Costera. Es una opción para quien quiera un pueblo cercano a Xàtiva, con ambiente local, campos alrededor y una pequeña presencia de cerro que rompe la llanura.
valencia;Llutxent;llutxent;Localidad de la Vall d’Albaida con un paisaje de interior muy reconocible, entre montes, patrimonio religioso y rutas históricas como la dels Monestirs. Tiene un aire tranquilo y cultural, ideal para quien busque naturaleza, historia y un pueblo con una identidad más profunda que simplemente residencial.
valencia;Loriguilla;loriguilla;Municipio del Camp de Túria con una historia particular, marcada por el traslado desde el antiguo Loriguilla y por su relación con el entorno del Turia. Puede encajar con quien busque un lugar tranquilo, funcional y cercano a zonas naturales, pero con una identidad algo distinta por su pasado de pueblo reubicado.
valencia;Losa del Obispo;losa del obispo;Localidad de interior que funciona casi como puerta de entrada a la Serranía valenciana. Tiene un carácter tranquilo, montañoso y rural, adecuado para quien quiera un pueblo de paisaje seco, relieve calizo, rutas y sensación de desconexión sin irse demasiado lejos.
valencia;Macastre;macastre;Municipio de interior con un paisaje bastante accidentado, atravesado por el río Magro y con hoces que le dan un punto más salvaje. El castillo sobre el cerro aporta una presencia histórica muy clara, así que encaja con quien quiera naturaleza, vistas y un pueblo con carácter medieval.
valencia;Manises;manises;Ciudad con una identidad muy marcada por la cerámica, donde la tradición artesanal forma parte del paisaje urbano. Es una opción más urbana y conectada, ideal para quien busque servicios, metro, cercanía a València y un lugar con personalidad cultural propia.
valencia;Manuel;manuel;Municipio de la Ribera Alta rodeado de huerta y situado junto al río Albaida. Tiene un ambiente tranquilo, agrícola y de interior, con rutas y paisaje fluvial, ideal para quien busque un pueblo sencillo, verde y bien conectado con la comarca.
valencia;Marines;marines;Localidad muy vinculada a la Sierra Calderona, con una doble personalidad entre Marines Nuevo y el encanto más montañoso de Marines Viejo. Es una buena opción para quien quiera senderismo, paisaje serrano y un ambiente tranquilo cerca de uno de los espacios naturales más reconocibles de Valencia.
valencia;Massalavés;massalaves;Municipio de la Ribera Alta con un aire mediterráneo y tranquilo, rodeado de entorno agrícola y zonas naturales para pasear. Puede gustar a quien busque un pueblo de interior con casco antiguo sencillo, rutas cercanas y una vida cotidiana bastante pausada.
valencia;Massalfassar;massalfassar;Localidad de l’Horta Nord que conserva muy bien la esencia de la huerta próxima a València. Su paisaje llano, la brisa mediterránea y la posibilidad de moverse entre campos o acercarse a la playa la hacen atractiva para quien busque tranquilidad, huerta y costa cercana.
valencia;Massamagrell;massamagrell;Municipio de l’Horta Nord con un carácter agrícola y residencial, muy vinculado a la huerta, las acequias y los campos de cultivo. Es una opción cómoda para quien quiera conexión con València, rutas llanas como la Vía Xurra y un entorno que todavía conserva paisaje tradicional valenciano.
valencia;Massanassa;massanassa;Municipio de carácter metropolitano y cotidiano, muy cercano a València, con una vida práctica y bastante conectada. Aunque su entorno es urbano, todavía conserva esa relación con l’Horta Sud y con un paisaje llano donde la huerta, las acequias y la proximidad a l’Albufera siguen formando parte de su identidad.
valencia;Meliana;meliana;Municipio de l’Horta Nord con un ambiente tranquilo, llano y muy ligado al paisaje agrícola valenciano. Es una buena opción para quien busca cercanía a València, pero también quiere mantener cierta sensación de pueblo, con huerta, caminos y una vida cotidiana más calmada.
valencia;Miramar;miramar;Localidad de la Safor con un perfil mediterráneo y sencillo, donde se mezcla la vida de pueblo con la cercanía directa al mar. Puede encajar muy bien con quien busque tranquilidad, playa cercana y un ambiente costero menos intenso que el de destinos más grandes.
valencia;Mislata;mislata;Municipio claramente urbano y muy integrado en el área metropolitana de València. Es ideal para quien prioriza servicios, transporte, movimiento y cercanía a la capital, más que una vida rural o paisajística, aunque mantiene una escala más cercana que la gran ciudad.
valencia;Mogente/Moixent;moixent;Localidad de interior con un paisaje amplio, agrícola y montañoso, muy vinculada al vino, los caminos rurales y los parajes naturales. Tiene un aire tranquilo y auténtico, ideal para quien quiera vivir en un entorno de interior con identidad propia y bastante contacto con la naturaleza.
valencia;Montcada/Moncada;moncada;Municipio de l’Horta Nord con una mezcla de ambiente residencial, tradición agrícola y cercanía a València. Puede gustar a quien busque un lugar bien conectado, con vida local y servicios, pero todavía con la huerta y los caminos rurales bastante presentes en el paisaje.
valencia;Montaverner;montaverner;Localidad de la Vall d’Albaida con un ambiente tranquilo y de interior, rodeada de campos y situada en un entorno de valle. Encaja con quien busca una vida pausada, paisaje agrícola y cercanía a otros pueblos de la comarca sin sentirse en una zona demasiado urbana.
valencia;Montitxelvo/Montichelvo;montichelvo;Municipio pequeño y muy tranquilo, situado en un entorno de interior con relieve suave, campos y naturaleza cercana. Tiene ese carácter de pueblo recogido, ideal para quien valore el silencio, los paseos sencillos y una vida alejada del ritmo metropolitano.
valencia;Museros;museros;Municipio de l’Horta Nord con una sensación bastante equilibrada entre pueblo tradicional y entorno metropolitano. Es una opción cómoda para quien quiere vivir cerca de València, pero en un ambiente más tranquilo, con huerta, calles sencillas y vida local.
valencia;Nàquera/Náquera;naquera;Localidad situada en un entorno muy atractivo junto a la Sierra Calderona, con un ambiente residencial y natural a la vez. Puede encajar muy bien con quien busque montaña cercana, rutas, aire más tranquilo y buena conexión con València sin vivir en plena ciudad.
valencia;Navarrés;navarres;Municipio de interior con un atractivo natural muy marcado, especialmente por sus paisajes de agua, barrancos y zonas verdes. Es ideal para quien busque tranquilidad, rutas, baños naturales y una sensación de escapada rural dentro de la Canal de Navarrés.
valencia;Novelé/Novetlè;novetle;Localidad pequeña de la Costera, muy cercana a Xàtiva y con un ambiente tranquilo y sencillo. Tiene un perfil de pueblo residencial y agrícola, adecuado para quien quiera calma, cercanía a servicios comarcales y una vida cotidiana sin demasiado movimiento.
valencia;Oliva;oliva;Localidad mediterránea con una mezcla muy atractiva de casco histórico, playa, dunas y paisaje agrícola. Es una buena opción para quien quiere mar y naturaleza, pero también cierta vida urbana y servicios, sin depender de una ciudad demasiado grande.
valencia;Olleria, l';l'olleria;Municipio de interior con personalidad propia, muy ligado a la tradición artesanal y al paisaje de la Vall d’Albaida. Tiene un ambiente de pueblo activo, con campos, montes cercanos y una identidad local marcada, ideal para quien busque algo más que un lugar dormitorio.
valencia;Ontinyent;ontinyent;Localidad con mucha entidad dentro del interior valenciano, rodeada de barrancos, montañas y espacios naturales muy reconocibles. Encaja con quien busca una ciudad de tamaño medio, con vida propia, servicios y un entorno natural potente para pasear o desconectar.
valencia;Otos;otos;Municipio pequeño y tranquilo de la Vall d’Albaida, con un aire rural, artístico y muy vinculado al paisaje del Benicadell. Es ideal para quien busque calma, vistas, patrimonio sencillo y una sensación de pueblo con encanto y personalidad.
valencia;Paiporta;paiporta;Municipio urbano y residencial de l’Horta Sud, muy cercano a València y con un ambiente práctico para el día a día. Puede encajar con quien prioriza transporte, servicios y comodidad, pero quiere una escala más manejable que la de la capital.
valencia;Palmera;palmera;Localidad pequeña de la Safor, llana y tranquila, con un ambiente agrícola y mediterráneo. Es una opción agradable para quien busca una vida pausada, cerca de la costa pero sin estar en una zona excesivamente turística o masificada.
valencia;Palomar, el;el palomar;Municipio de interior con un ambiente muy calmado y rural, rodeado de paisaje agrícola y montes cercanos. Tiene un carácter sencillo y recogido, ideal para quien busque silencio, naturaleza suave y una vida de pueblo pequeña y tranquila.
valencia;Paterna;paterna;Municipio muy cercano a València, con un perfil urbano, residencial y bastante diverso. Es una buena opción para quien busca conexión, servicios y vida activa, pero también quiere tener cerca espacios verdes, zonas de paseo y una identidad local propia más allá de la capital.
valencia;Petrés;petres;Localidad tranquila del Camp de Morvedre, situada en un entorno de campos y paisaje mediterráneo interior. Tiene un aire de pueblo pequeño, sencillo y cercano a Sagunto, ideal para quien busque calma sin alejarse demasiado de servicios y costa.
valencia;Picanya;picanya;Municipio de l’Horta Sud con un ambiente residencial, cuidado y bastante amable. Puede gustar a quien busca cercanía a València, pero con una sensación más tranquila, calles agradables, huerta cercana y una vida local menos intensa que en la capital.
valencia;Picassent;picassent;Localidad con un equilibrio interesante entre ambiente de pueblo, paisaje agrícola y zonas más naturales hacia el interior. Es una opción adecuada para quien quiere servicios y conexión, pero también campos, caminos y una vida más pausada que en el centro metropolitano.
valencia;Piles;piles;Municipio de la Safor con una doble cara muy agradable: pueblo tranquilo y playa cercana. Encaja bien con quien busca costa mediterránea, ambiente familiar y una vida más relajada que la de otros municipios turísticos más grandes.
valencia;Pinet;pinet;Localidad pequeña de interior, situada en un entorno natural y muy tranquilo. Tiene un aire rural claro, con caminos, campos y montaña suave alrededor, ideal para quien quiera desconectar y vivir en un lugar con muy poco ruido.
valencia;Pobla de Farnals, la;la pobla de farnals;Municipio con ambiente costero y residencial, donde la playa tiene mucho peso en la vida diaria. Puede encajar con quien quiera vivir cerca del mar, con paseo, brisa mediterránea y buena conexión con València, pero sin estar en plena capital.
valencia;Pobla de Vallbona, la;la pobla de vallbona;Localidad del Camp de Túria con un perfil residencial, cómodo y bastante familiar. Tiene una mezcla de urbanizaciones, casco tradicional, campos y cercanía a la Calderona, por lo que funciona bien para quien busca tranquilidad sin perder servicios.
valencia;Pobla del Duc, la;la pobla del duc;Municipio de la Vall d’Albaida con ambiente agrícola, tranquilo y muy de interior. Es una opción para quien valore la vida pausada, el paisaje de campos y montes cercanos, y una sensación de pueblo tradicional con identidad propia.
valencia;Pobla Llarga, la;la pobla llarga;Localidad de la Ribera Alta con un paisaje llano, agrícola y muy vinculado a los cultivos valencianos. Tiene un ambiente de pueblo activo pero tranquilo, ideal para quien busca vida comarcal, campos alrededor y una rutina sin tanta presión urbana.
valencia;Polinyà de Xúquer;polinya de xuquer;Municipio de la Ribera Baixa muy ligado al paisaje del Júcar, la huerta y los cultivos de regadío. Tiene un ambiente tranquilo y agrícola, adecuado para quien busque una vida sencilla, luminosa y conectada con el paisaje de ribera.
valencia;Potries;potries;Localidad pequeña de la Safor con un ambiente patrimonial, tranquilo y muy cercano al paisaje agrícola. Puede gustar a quien quiera un pueblo con encanto, cercano a Gandia y a la costa, pero con una vida más pausada y tradicional.
valencia;Puçol;pucol;Municipio con una mezcla muy completa de playa, huerta y montaña cercana. Es una opción interesante para quien busca mar y vida práctica, pero también rutas, paisaje mediterráneo y buena conexión con València.
valencia;Puig de Santa Maria, el;el puig de santa maria;Localidad con mucho carácter histórico y un entorno muy equilibrado entre playa, huerta y patrimonio. Tiene una sensación agradable para quien quiera costa cercana, vida de pueblo y un punto cultural más marcado que en otros municipios residenciales.
valencia;Quart de les Valls;quart de les valls;Municipio tranquilo del Camp de Morvedre, rodeado de campos y situado en una zona de valle muy mediterránea. Encaja con quien busca calma, paisaje agrícola, cercanía a la costa y una vida de pueblo sencilla.
valencia;Quart de Poblet;quart de poblet;Municipio urbano y metropolitano, muy próximo a València y bien conectado. Es ideal para quien prioriza transporte, servicios y comodidad diaria, aunque conserva una relación interesante con el entorno del Turia y con espacios abiertos cercanos.
valencia;Quartell;quartell;Localidad pequeña y agrícola del Camp de Morvedre, con un ambiente tranquilo y muy vinculado a la Vall de Segó. Puede gustar a quien busque un pueblo discreto, llano, cercano a la costa y rodeado de campos de cítricos.
valencia;Quatretonda;quatretonda;Municipio de interior con un paisaje natural muy atractivo, entre campos, sierras y caminos rurales. Tiene un aire tranquilo y auténtico, perfecto para quien quiera naturaleza cercana, rutas y una vida de pueblo con mucha calma.
valencia;Rafelbunyol;rafelbunyol;Municipio de l’Horta Nord con un carácter residencial y agrícola, bien conectado con València y cercano a la costa. Es una buena opción para quien quiera tranquilidad, servicios de proximidad y paisaje de huerta sin alejarse demasiado del área metropolitana.
valencia;Rafelcofer;rafelcofer;Localidad pequeña de la Safor, de ambiente tranquilo y muy próxima a Gandia y a la costa. Tiene un perfil agrícola y sencillo, adecuado para quien busque calma, cercanía a servicios y una vida cotidiana más pausada.
valencia;Rafelguaraf;rafelguaraf;Municipio de la Ribera Alta con un ambiente rural, agrícola y bastante sereno. Es ideal para quien quiera vivir entre campos, caminos y paisaje de interior, con una sensación de pueblo tranquilo y poco saturado.
valencia;Real de Gandia, el;el real de gandia;Municipio de la Safor con un ambiente tranquilo y muy vinculado a la huerta de Gandia. Su entorno mezcla paisaje agrícola, cercanía al Serpis y las primeras elevaciones hacia el Mondúver, así que encaja bien con quien busca calma, campo y proximidad a Gandia sin vivir en una zona demasiado urbana.
valencia;Requena;requena;Localidad de interior con mucha personalidad, marcada por el vino, el casco histórico y un paisaje amplio de viñedos y meseta. Es una opción ideal para quien busca un lugar con historia, vida propia y una sensación más castellana y rural dentro de la provincia de Valencia.
valencia;Riba-roja de Túria;riba-roja de turia;Municipio con una mezcla muy interesante de vida residencial, patrimonio y naturaleza junto al río Turia. Puede gustar a quien quiera estar bien conectado con València, pero con espacios verdes, rutas fluviales y zonas de monte mediterráneo cerca.
valencia;Riola;riola;Localidad de la Ribera Baixa con un ambiente agrícola, luminoso y muy ligado al Júcar. Tiene una sensación tranquila y de pueblo de ribera, ideal para quien busca huerta, caminos junto al río y una vida pausada cerca del paisaje tradicional valenciano.
valencia;Rocafort;rocafort;Municipio residencial y tranquilo de l’Horta Nord, con una imagen cuidada y bastante agradable. Es una buena opción para quien busca cercanía a València, pero con un ambiente más calmado, zonas ajardinadas y una sensación menos densa que la ciudad.
valencia;Rotglà i Corberà;rotgla i corbera;Municipio pequeño de la Costera, rodeado de paisaje agrícola y con una vida muy tranquila. Encaja con quien quiere un lugar sencillo, cercano a Xàtiva, con ambiente de pueblo y sin demasiada intensidad urbana.
valencia;Ròtova;rotova;Localidad de la Safor interior con un entorno natural muy atractivo, entre valle, montaña y paisaje agrícola. Es ideal para quien busque tranquilidad, rutas, verde y una vida de pueblo cercana a Gandia, pero más recogida y menos costera.
valencia;Sagunto/Sagunt;sagunt;Ciudad con una identidad muy potente, donde se mezclan historia romana, castillo, casco antiguo, puerto y playa. Puede encajar con quien quiere servicios y movimiento, pero también patrimonio, mar y una conexión fuerte con el pasado industrial y mediterráneo.
valencia;Salem;salem;Municipio pequeño de la Vall d’Albaida, situado en un entorno tranquilo de interior y rodeado de paisaje natural. Tiene un aire rural y pausado, ideal para quien busque silencio, campos, montaña cercana y una vida bastante alejada del ritmo metropolitano.
valencia;San Antonio de Benagéber;san antonio de benageber;Municipio residencial del Camp de Túria, con un ambiente cómodo, familiar y bastante tranquilo. Es una opción práctica para quien quiere vivir cerca de València, con zonas verdes, urbanizaciones y una sensación más abierta que la de los municipios urbanos más densos.
valencia;Sant Joanet;sant joanet;Localidad pequeña de la Ribera Alta, con un ambiente muy calmado y rural. Encaja con quien busca un pueblo sencillo, rodeado de campos, con poca presión urbana y una vida cotidiana más lenta y cercana.
valencia;Sedaví;sedavi;Municipio metropolitano muy cercano a València, con un perfil urbano, práctico y bien conectado. Es más adecuado para quien prioriza servicios, transporte y cercanía a la capital que para quien busca montaña o paisaje rural.
valencia;Sellent;sellent;Municipio tranquilo de la Ribera Alta, con un ambiente agrícola y bastante recogido. Su entorno de campos, caminos y pequeñas elevaciones lo hace adecuado para quien quiera una vida sencilla, pausada y conectada con el paisaje de interior.
valencia;Senyera;senyera;Localidad pequeña de la Ribera Alta, rodeada de cultivos y con una sensación muy de pueblo. Es una opción para quien busca calma, calles tranquilas y cercanía a otros municipios de la comarca sin vivir en un entorno demasiado urbano.
valencia;Siete Aguas;siete aguas;Municipio de interior con mucha presencia de montaña, pinares y paisaje serrano. Es ideal para quien busca naturaleza, rutas, aire más fresco y una sensación clara de desconexión respecto al área metropolitana de València.
valencia;Silla;silla;Municipio de l’Horta Sud muy ligado a l’Albufera, la marjal y el paisaje de arrozales. Aunque tiene un perfil urbano y bien conectado, conserva una identidad muy marcada por el agua, la huerta y el entorno natural cercano.
valencia;Simat de la Valldigna;simat de la valldigna;Localidad situada en un valle muy bonito, rodeada de montaña y marcada por el monasterio de Santa María de la Valldigna. Tiene un ambiente tranquilo, patrimonial y natural, ideal para quien busque un pueblo con historia y paisaje verde alrededor.
valencia;Sinarcas;sinarcas;Municipio de interior con un carácter rural, amplio y bastante natural, dentro del entorno de Tierra Bobal. Puede gustar a quien busque viñedos, pinares, tranquilidad y una sensación de pueblo alejado del ritmo urbano.
valencia;Sollana;sollana;Localidad de la Ribera Baixa muy vinculada a l’Albufera, los arrozales y el paisaje húmedo valenciano. Es una opción interesante para quien busca un entorno agrícola, llano y luminoso, con naturaleza cerca y buena conexión con València.
valencia;Sot de Chera;sot de chera;Municipio de interior con un paisaje muy especial, dentro del entorno natural y geológico de Chera-Sot de Chera. Es ideal para quien busca montaña, río, rutas, tranquilidad y una sensación de pueblo pequeño rodeado de naturaleza.
valencia;Sueca;sueca;Localidad con mucha identidad dentro de la Ribera Baixa, muy ligada al arroz, l’Albufera y el paisaje de marjal. Tiene vida propia, tradición agrícola y costa cercana, por lo que encaja con quien busca un municipio activo pero muy conectado con el paisaje valenciano.
valencia;Sumacàrcer;sumacarcer;Municipio de la Ribera Alta con un entorno muy bonito junto al Júcar, rodeado de naranjos y paisaje de valle. Es una opción ideal para quien busca tranquilidad, rutas, vistas al río y una vida de pueblo muy vinculada a la naturaleza.
valencia;Tavernes Blanques;tavernes blanques;Municipio muy cercano a València, de carácter urbano y práctico, pero con memoria de huerta. Encaja con quien busca comodidad, servicios y conexión directa con la capital, más que un entorno rural o de montaña.
valencia;Tavernes de la Valldigna;tavernes de la valldigna;Localidad con una mezcla muy completa de playa, valle, montaña y zonas naturales. Es ideal para quien quiere vivir cerca del mar, pero también tener rutas, fuentes, miradores y un paisaje verde muy presente.
valencia;Terrateig;terrateig;Municipio pequeño de la Vall d’Albaida, con ambiente rural y muy tranquilo. Su entorno de campos, barrancos y montaña suave lo hace adecuado para quien busca desconexión, silencio y una vida de pueblo sencilla.
valencia;Torrella;torrella;Localidad muy pequeña de la Costera, con un aire calmado y agrícola. Es una opción para quien quiere un entorno discreto, llano y cercano a Xàtiva, donde el principal atractivo está en la tranquilidad y en la escala reducida del pueblo.
valencia;Torrent;torrent;Municipio grande y activo del área metropolitana, con una mezcla de ciudad, servicios, tradición y zonas naturales en su término. Puede encajar con quien busca conexión con València, vida urbana de tamaño medio y acceso a espacios abiertos sin alejarse demasiado.
valencia;Tous;tous;Municipio de interior con una identidad muy marcada por el embalse, el río y el paisaje de montaña suave. Es ideal para quien busca tranquilidad, naturaleza, agua cercana y un ambiente rural más alejado del movimiento metropolitano.
valencia;Utiel;utiel;Localidad de interior con carácter propio, muy vinculada al vino, la meseta y el paisaje de viñedos. Es una buena opción para quien busca una vida más tranquila, con servicios comarcales, tradición agrícola y una sensación de interior auténtico.
valencia;València;valencia;Ciudad mediterránea, activa y diversa, con una mezcla muy potente de barrios, cultura, playa, huerta cercana y vida urbana. Encaja con quien busca movimiento, servicios, ocio, transporte y oportunidades, más que una vida tranquila de pueblo.
valencia;Venta del Moro;venta del moro;Municipio de interior con un paisaje natural muy potente, marcado por el entorno del Cabriel, los viñedos y los pinares. Es ideal para quien quiere desconexión, rutas, naturaleza fluvial y una vida muy alejada del ritmo urbano.
valencia;Vilallonga/Villalonga;villalonga;Localidad de la Safor interior con un entorno verde y montañoso, muy cercana al río Serpis y a paisajes de barranco. Puede gustar a quien busque naturaleza, rutas, calma y proximidad a Gandia sin vivir en primera línea de costa.
valencia;Villar del Arzobispo;villar del arzobispo;Municipio de interior con un ambiente tranquilo, agrícola y bastante ligado al paisaje de la Serranía. Tiene un carácter de pueblo con vida propia, ideal para quien busca calma, campos, tradición y una conexión clara con el entorno rural valenciano.
valencia;Villargordo del Cabriel;villargordo del cabriel;Municipio de interior con un paisaje muy especial, marcado por el río Cabriel, pinares y espacios naturales de gran fuerza. Es una opción perfecta para quien busca naturaleza, senderismo, agua y una sensación de escapada rural auténtica.
valencia;Vinalesa;vinalesa;Municipio de l’Horta Nord con un ambiente tranquilo, llano y muy vinculado a la huerta. Es ideal para quien quiere estar cerca de València, pero en un entorno más pequeño, con campos, acequias y una vida local bastante calmada.
valencia;Xàtiva;xativa;Ciudad con muchísima personalidad histórica, marcada por el castillo, el casco antiguo y el paisaje de montaña que la rodea. Encaja con quien busca un lugar con servicios y vida propia, pero también patrimonio, vistas y una identidad valenciana muy fuerte.
valencia;Xeraco;xeraco;Localidad de la Safor con una mezcla muy agradable de playa, marjal, huerta y montaña cercana. Es una buena opción para quien busca costa tranquila, paisaje natural y un ambiente más relajado que el de los destinos turísticos más intensos.
valencia;Xeresa;xeresa;Municipio situado entre la montaña y la costa, con un entorno natural muy atractivo y vistas hacia la Safor. Puede encajar con quien quiere tranquilidad, rutas, paisaje verde y proximidad al mar sin vivir en un núcleo claramente playero.
valencia;Xirivella;xirivella;Municipio metropolitano muy cercano a València, con un perfil urbano, práctico y bien conectado. Es adecuado para quien prioriza servicios, transporte y proximidad a la capital, más que una vida rural o de paisaje natural.
valencia;Yátova;yatova;Municipio de interior con un entorno natural muy interesante, rodeado de montes, barrancos, fuentes y zonas de baño cercanas. Es ideal para quien busca tranquilidad, rutas, agua y una vida de pueblo con sensación clara de desconexión.
vizcaya;Ajangiz;ajangiz;Municipio muy rural y recogido, de esos que parecen mirar el paisaje desde arriba. Está en una ladera cercana a Gernika, con vistas hacia la vega del río Oka y un entorno verde muy ligado a Urdaibai, por lo que encaja bien con quien busca calma, caseríos, naturaleza cercana y sensación de pueblo pequeño sin quedar completamente aislado.
vizcaya;Amorebieta-Etxano;amorebieta-etxano;Municipio que funciona como un punto intermedio entre lo urbano y lo natural: tiene vida de municipio activo, pero el paisaje del valle del Ibaizabal y los montes que lo rodean le dan una presencia muy verde. Es una opción con sensación práctica, bien conectada, pero sin perder del todo ese carácter de valle vizcaíno con montañas al fondo.
vizcaya;Arakaldo;arakaldo;Localidad que transmite una sensación muy tranquila y casi escondida, marcada por el río Nervión y por el monte Unzueta. Es un municipio pequeño, de ambiente rural y sencillo, adecuado para quien valore vivir en un entorno muy calmado, con paisaje de valle y montaña, pero todavía cerca de ejes de comunicación importantes.
vizcaya;Artea;artea;Municipio con un carácter claramente verde, de valle interior y paisaje húmedo. Situado en el valle de Arratia y cerca del entorno de Gorbeia, mezcla río, bosques y montes, por lo que puede gustar a quien busque una vida más pausada, con sensación de pueblo de interior y naturaleza muy presente.
vizcaya;Bakio;bakio;Municipio muy costero, pero no solo de playa: está encajado en un valle abierto al Cantábrico y rodeado de montañas, con un paisaje que mezcla mar, verde y tradición agrícola. Tiene un punto más luminoso y vacacional que otros municipios de interior, ideal para quien quiera vivir cerca del mar sin renunciar a un entorno natural potente.
vizcaya;Barakaldo;barakaldo;Municipio con una identidad urbana y metropolitana, muy marcada por su pasado industrial junto a la ría, pero también con una transformación hacia espacios más amables y verdes. No es el típico pueblo tranquilo, sino más bien una ciudad práctica, con memoria obrera, zonas recuperadas y rincones naturales como El Regato para desconectar sin salir del municipio.
vizcaya;Basauri;basauri;Municipio muy ligado al agua y a la movilidad, nacido en un punto clave donde se encuentran algunos de los ríos más importantes de Bizkaia. Su ambiente es más urbano que rural, pero conserva esa estructura de valle fluvial y de conexión entre caminos, lo que lo hace adecuado para quien prioriza cercanía, servicios y vida cotidiana práctica.
vizcaya;Berango;berango;Municipio con un aire residencial tranquilo, con paisaje abierto, colinas suaves y presencia del río Gobela. No se siente tan costero como Sopela o Getxo, pero sí mantiene ese equilibrio agradable entre cercanía metropolitana y entorno verde, ideal para quien busca calma sin alejarse demasiado de la zona de Uribe Kosta.
vizcaya;Bermeo;bermeo;Localidad con una personalidad muy marinera, con puerto, casco histórico y una relación muy fuerte con el mar. Es un municipio con carácter, más intenso que otros pueblos costeros tranquilos, y puede encajar con quien busque ambiente de costa, identidad local fuerte y cercanía a paisajes muy especiales como Urdaibai y Gaztelugatxe.
vizcaya;Berriz;berriz;Municipio que se siente como un lugar de valle y montaña, con el río y las laderas del Oiz marcando mucho el paisaje. Tiene un aire de Duranguesado tranquilo, con barrios y caseríos en pequeños valles, por lo que puede gustar a quien busque naturaleza cercana, verde y una vida menos urbana.
vizcaya;Bilbao;bilbao;Ciudad con una energía claramente urbana, atravesada por la ría y formada por barrios muy distintos. Mezcla pasado industrial, cultura contemporánea y vida diaria intensa, así que encaja con quien busca movimiento, servicios, transporte y ambiente de ciudad, más que silencio o sensación de pueblo.
vizcaya;Derio;derio;Municipio del valle del Txorierri con un carácter práctico, cercano a Bilbao pero con una escala más tranquila. Su entorno combina zonas residenciales, espacios verdes e infraestructuras, así que puede ser una buena opción para quien quiera vivir en un lugar funcional, bien situado y menos denso que la capital.
vizcaya;Durango;durango;Municipio con una presencia muy marcada dentro del Duranguesado: combina casco urbano con un paisaje montañoso potente al sur, donde aparecen referencias como Mugarra, Anboto y las peñas del Duranguesado. Es una buena opción para quien quiera un municipio con vida propia, pero rodeado de un entorno natural fuerte y muy reconocible.
vizcaya;Elorrio;elorrio;Municipio con un encanto más histórico y señorial, con calles que conservan mucho carácter y un entorno de valle rodeado de montañas. Además, sus rutas naturales y paisajísticas lo hacen atractivo para quien busca una mezcla de patrimonio, tranquilidad y naturaleza, con una sensación más cuidada y tradicional.
vizcaya;Erandio;erandio;Municipio de transición entre lo urbano, lo industrial y lo fluvial. Situado en la margen derecha de la ría, tiene zonas más densas y otras más abiertas, con pequeños ríos y llanuras entre montes, por lo que puede encajar con quien quiera estar muy cerca de Bilbao sin vivir exactamente en el centro.
vizcaya;Ermua;ermua;Municipio con un paisaje muy cerrado y compacto, encajado en el valle del río Ego y rodeado por laderas pronunciadas. Su sensación es más urbana e intensa que la de otros municipios rurales, pero la montaña está muy presente alrededor, dando la impresión de un pueblo-ciudad contenido entre pendientes.
vizcaya;Etxebarri;etxebarri;Municipio muy cercano a Bilbao, pero con una relación clara con el río Ibaizabal y sus meandros. Tiene un perfil urbano y práctico, aunque el entorno fluvial le da un punto más abierto y menos duro que otras zonas metropolitanas. Puede funcionar bien para quien quiera comodidad, conexión y cercanía a la capital.
vizcaya;Galdakao;galdakao;Municipio que combina vida urbana con paisaje de valle, situado en el bajo Ibaizabal y al pie de la sierra del Ganguren. Tiene relieve accidentado alrededor y zonas más abiertas junto al río, por lo que puede gustar a quien quiera un municipio con servicios, pero con monte y naturaleza bastante cerca.
vizcaya;Gernika-Lumo;gernika-lumo;Municipio con una identidad muy especial: tiene peso histórico, pero también está muy ligado al paisaje de Urdaibai y al río Oka. Transmite una mezcla de centralidad comarcal, memoria y entorno verde, ideal para quien quiera vivir en un lugar con significado cultural y naturaleza cercana.
vizcaya;Getxo;getxo;Municipio de perfil costero elegante y residencial, con playas, acantilados y vistas hacia el Abra. Es una opción con ambiente más acomodado y marítimo, donde conviven paseos junto al mar, barrios con mucha vida y zonas naturales potentes como los acantilados del flysch.
vizcaya;Gorliz;gorliz;Municipio con un ambiente claramente playero y familiar, con una bahía protegida, paseo marítimo y zonas verdes próximas. Su paisaje transmite calma costera, más suave que el de los acantilados salvajes de Sopela, y puede encajar muy bien con quien busque mar, paseos y una vida tranquila junto a la playa.
vizcaya;Güeñes;guenes;Municipio de carácter más interior y verde, muy ligado al valle del Cadagua y a paisajes de monte. Su entorno invita más a rutas, bosques y vida tranquila que a ambiente urbano, por lo que puede ser una buena opción para quien quiera desconexión, naturaleza y un ritmo más pausado.
vizcaya;Ibarrangelu;ibarrangelu;Municipio con uno de los paisajes más espectaculares de Bizkaia: está asociado a Urdaibai, a playas como Laida y a vistas abiertas hacia la ría de Mundaka y la isla de Izaro. Tiene un tono muy natural y costero, ideal para quien busque belleza paisajística, tranquilidad y cercanía a playas con mucha personalidad.
vizcaya;Iurreta;iurreta;Municipio con una sensación tranquila del Duranguesado, muy unido al valle del Ibaizabal. Al estar cerca de Durango, puede funcionar como una alternativa más calmada y menos urbana, pero sin quedar desconectada de la vida comarcal.
vizcaya;Izurtza;izurtza;Municipio pequeño y muy de montaña, situado cerca del Parque Natural de Urkiola y bajo la presencia de montes como Mugarra y Untzillatx. Tiene un aire rural muy marcado, con caseríos y casas-torre, ideal para quien busque un paisaje más íntimo, verde y tradicional.
vizcaya;Leioa;leioa;Municipio de carácter residencial y suave, con relieve poco accidentado, colinas ligeras y arroyos que bajan hacia la ría. Es una opción cómoda y equilibrada, más tranquila que Bilbao pero con sensación metropolitana, adecuada para quien quiera servicios, zonas verdes y buena conexión.
vizcaya;Lekeitio;lekeitio;Municipio con un encanto marinero muy fuerte, con puerto, playas y la isla de Garraitz como uno de sus paisajes más reconocibles. Es un lugar con mucha identidad visual, perfecto para quien busca costa con historia, ambiente de pueblo pesquero y una relación muy directa con las mareas y el mar.
vizcaya;Ortuella;ortuella;Municipio con una personalidad muy marcada por la historia minera. Su paisaje mezcla mineral, caliza, restos industriales y espacios naturales recuperados, por lo que no transmite una belleza convencional, sino una identidad fuerte, más áspera y con mucha memoria del pasado obrero de Bizkaia.
vizcaya;Plentzia;plentzia;Municipio con un ambiente costero tranquilo y bastante amable, marcado por la ría del Butrón, el puerto y la playa. Es una opción con aire de villa marinera, agradable para pasear y con una sensación más recogida que otras zonas de costa más abiertas o expuestas.
vizcaya;Portugalete;portugalete;Municipio con un carácter urbano, marinero e histórico, muy ligado a la ría y al Puente Bizkaia. Sus calles con pendiente, su casco antiguo y su posición frente a Getxo le dan una identidad fuerte, ideal para quien quiera vivir en un lugar con historia, movimiento y paisaje de ría.
vizcaya;Santurtzi;santurtzi;Municipio que combina puerto, vida urbana y presencia natural del monte Serantes. Tiene un ambiente marinero y metropolitano a la vez, con la bahía del Abra muy presente y un contraste bonito entre el movimiento del puerto y las vistas abiertas desde la montaña.
vizcaya;Sondika;sondika;Municipio situado en el valle del Txorierri, con una mezcla de naturaleza cercana, zonas residenciales e infraestructuras. No es un pueblo aislado, pero conserva recorridos rurales, presencia del río Asua y espacios verdes, por lo que puede encajar con quien quiera tranquilidad sin alejarse del entorno metropolitano.
vizcaya;Sopela;sopela;Municipio con un carácter costero más salvaje, con acantilados, playas abiertas y ambiente muy asociado al surf. Es una opción con mucha fuerza paisajística, ideal para quien busque mar, viento, naturaleza y una sensación menos urbana que Getxo, aunque siga estando bien conectada.
vizcaya;Sukarrieta;sukarrieta;Municipio que transmite calma, paisaje de ría y un ritmo pausado. Situado junto a la ría de Mundaka, con playas y rincones como Txatxarramendi, puede ser muy atractivo para quien busque un entorno pequeño, bonito y natural dentro de Urdaibai.
vizcaya;Ugao-Miraballes;ugao-miraballes;Municipio marcado por el valle estrecho del Nervión y por un entorno montañoso que le da una sensación recogida. Tiene un perfil de municipio de paso, pero con identidad propia y paisaje fluvial, adecuado para quien quiera vivir en un valle bien comunicado sin perder del todo el contacto con la naturaleza.
vizcaya;Urduliz;urduliz;Municipio que conserva un aire rural dentro de Uribe Kosta, situado en el valle de la ría de Butrón y rodeado por alineaciones montañosas suaves. Es una opción tranquila y cada vez más conectada, interesante para quien quiera vivir cerca de la costa sin estar en primera línea de playa.
vizcaya;Valle de Trápaga-Trapagaran;valle de trapaga-trapagaran;Municipio con una identidad muy especial, marcada por la minería, La Arboleda y los montes de Triano. Su paisaje mezcla memoria industrial, vistas hacia el Abra y espacios naturales recuperados, por lo que puede atraer a quien valore los lugares con historia fuerte y un entorno diferente al típico paisaje residencial.
vizcaya;Zaratamo;zaratamo;Municipio con un carácter rural muy claro pese a estar cerca del Gran Bilbao. Sus barrios aparecen entre montes como Upo y Artanda, y el municipio queda entre los ríos Nervión e Ibaizabal, así que transmite una sensación de refugio verde próximo a la ciudad.
vizcaya;Zeberio;zeberio;Municipio de carácter claramente rural, con barrios dispersos, caseríos y un paisaje muy ligado al valle y al entorno de Gorbeia. Es una opción para quien busque mucha tranquilidad, naturaleza y una vida más de interior, lejos del ritmo metropolitano aunque sin estar excesivamente apartado.
