nombre_centro;municipio;lat;lon
RINCÓN DE ADEMUZ;Ademuz;NA;NA
Instituto de Educación Secundaria;Ademuz;40.0604631;-1.2849496
LA MURTERA;Ador;NA;NA
SANT VICENT FERRER;Agullent;NA;NA
SANT JOSEP DE CALASSANÇ;Aielo de Malferit;NA;NA
PORÇONS;Aielo de Malferit;NA;NA
MADRE JOSEFA CAMPOS;Alaquàs;NA;NA
MARE DE DÉU DE L'OLIVAR I;Alaquàs;NA;NA
MARE DE DÉU DE L'OLIVAR II;Alaquàs;39.4558519;-0.4593393
AMPARO ALABAU;Alaquàs;NA;NA
BONAVISTA;Alaquàs;NA;NA
CIUTAT DE CREMONA;Alaquàs;39.4514451;-0.4714461
MAESTRO SANCHIS ALMIÑANO;Alaquàs;39.4523224;-0.4601716
VILA D'ALAQUÀS;Alaquàs;39.4571756;-0.4621716
CLARA CAMPOAMOR;Alaquàs;NA;NA
DOCTOR FAUSTÍ BARBERÁ;Alaquàs;NA;NA
COVALTA;Albaida;NA;NA
ELÍAS TORMO;Albaida;NA;NA
JOSEP SEGRELLES;Albaida;38.8353867;-0.5238817
SANTA ANA Y SAN JOSÉ DE LA MONTAÑA;Albal;NA;NA
JUAN ESTEVE MUÑOZ;Albal;39.3941798;-0.4150244
LA BALAGUERA;Albal;39.3927128;-0.4096695
SAN BLAS;Albal;39.395698;-0.4058339
SAN CARLOS BORROMEO;Albal;NA;NA
Instituto de Educación Secundaria;Albal;NA;NA
AUSIÀS MARCH;Albalat de la Ribera;NA;NA
SUCRO;Albalat de la Ribera;NA;NA
EL CASTELL;Albalat Dels Sorells;NA;NA
TIRANT LO BLANC;Albalat Dels Tarongers;NA;NA
LA MILAGROSA;Alberic;39.1173883;-0.5178061
EL CONVENT;Alberic;NA;NA
RAFAEL COMENGE;Alberic;NA;NA
CONSUELO ARANDA;Alberic;NA;NA
ALBORACHE-MACASTRE;Alborache;NA;NA
PARROQUIAL DON JOSÉ LLUCH;Alboraia/Alboraya;NA;NA
SANTA MARÍA-MARIANISTAS;Alboraia/Alboraya;39.4949522;-0.3514455
AUSIÀS MARCH;Alboraia/Alboraya;39.4987815;-0.354152
CERVANTES;Alboraia/Alboraya;NA;NA
LA PATACONA;Alboraia/Alboraya;39.490744;-0.3287141
LA PATACONA;Alboraia/Alboraya;NA;NA
TOMÁS ALBERT;Albuixech;NA;NA
CERVANTES;Alcàntera de Xúquer;NA;NA
SANTÍSIMO CRISTO DE LA FE;Alcàsser;NA;NA
JAUME I;Alcàsser;NA;NA
9 D'OCTUBRE;Alcàsser;NA;NA
Instituto de Educación Secundaria;Alcàsser;39.3689586;-0.4402039
EL PINAR;Alcublas;39.7955664;-0.7012343
MARIANO SERRA;Aldaia;NA;NA
AUSIÀS MARCH;Aldaia;39.4679164;-0.4666392
EL RAJOLAR;Aldaia;39.4752987;-0.4615719
JUAN ANTONIO MARTÍNEZ TORRES;Aldaia;39.4583986;-0.4701606
MARIANO BENLLIURE;Aldaia;39.4615093;-0.4678766
NUESTRA SEÑORA DEL CARMEN;Aldaia;39.4750006;-0.4657578
PLATERO Y YO;Aldaia;NA;NA
VICENTE BLASCO IBÁÑEZ;Aldaia;39.4722736;-0.4601934
BEATRIU CIVERA;Aldaia;NA;NA
CARLES SALVADOR;Aldaia;NA;NA
SALVADOR GADEA;Aldaia;NA;NA
GUÍA, SL;Alfafar;39.4212372;-0.3858274
MARÍA INMACULADA;Alfafar;39.4235096;-0.3906254
LA FILA;Alfafar;39.4181212;-0.3883381
ORBA;Alfafar;39.4173168;-0.4003067
25 D'ABRIL;Alfafar;NA;NA
BARONIA ALTA;Alfara de la Baronia;NA;NA
RAMÓN Y CAJAL;Alfara del Patriarca;NA;NA
DOCTORA ANNA LLUCH;Alfara del Patriarca;NA;NA
SANT JAUME APÒSTOL;Alfarp;NA;NA
DOCTOR BORRÀS;Alfarrasí;NA;NA
MARÍA AUXILIADORA;Algemesí;39.1937735;-0.4387311
MARISTAS NUESTRA SEÑORA DE LA SALUD;Algemesí;NA;NA
SAN JOSÉ DE CALASANZ;Algemesí;NA;NA
SANTA ANA;Algemesí;39.1939684;-0.429653
BLASCO IBÁÑEZ;Algemesí;39.1950955;-0.4387442
CARME MIQUEL;Algemesí;NA;NA
CERVANTES;Algemesí;NA;NA
RIBALTA;Algemesí;NA;NA
BERNAT GUINOVART;Algemesí;NA;NA
SANT VICENT FERRER;Algemesí;NA;NA
PALANCIA;Algimia de Alfara;NA;NA
SAGRADO CORAZÓN DE JESÚS;Alginet;39.259947;-0.4686557
MAESTRO EMILIO LUNA;Alginet;39.2588825;-0.4695869
PEPITA GREUS;Alginet;39.2617587;-0.4748247
VICENTE BLASCO IBÁÑEZ;Alginet;NA;NA
HORT DE FELIU;Alginet;NA;NA
PALMA ALMÀSSERA;Almàssera;39.5142908;-0.3545207
CARRAIXET;Almàssera;39.5127786;-0.3584037
EL CASTELL;Almoines;NA;NA
ALMASSAF;Almussafes;NA;NA
EL PONTET;Almussafes;NA;NA
ALMUSSAFES;Almussafes;39.3081802;-0.4158598
LA PURÍSIMA;Alzira;39.1535862;-0.4398909
SAGRADA FAMILIA;Alzira;39.1582484;-0.4295846
XÚQUER CENTRE EDUCATIU;Alzira;NA;NA
SANTOS PATRONOS;Alzira;39.1500203;-0.4352184
ALBORXÍ;Alzira;39.151395;-0.4439249
AUSIÀS MARCH;Alzira;NA;NA
GARCÍA LORCA;Alzira;NA;NA
GLORIA FUERTES;Alzira;NA;NA
LLUÍS VIVES;Alzira;NA;NA
PINTOR TEODORO ANDREU;Alzira;39.1544721;-0.425312
TIRANT LO BLANC;Alzira;NA;NA
VALL DE LA CASELLA;Alzira;NA;NA
VICENTE BLASCO IBÁÑEZ;Alzira;NA;NA
JOSÉ MARÍA PARRA;Alzira;NA;NA
LA MURTA;Alzira;NA;NA
REI EN JAUME;Alzira;NA;NA
MAESTRO D. JAIME APARICIO PÉREZ;Anna;39.0211834;-0.6456354
XARQUIA;Antella;39.0810318;-0.5910615
EL SABINAR;Aras de los Olmos;NA;NA
VERGE DELS DESEMPARATS;Atzeneta d'Albaida;NA;NA
ISIDRO GIRANT;Ayora;NA;NA
FERNANDO III;Ayora;NA;NA
SANTA MARÍA DE AGUAS VIVAS;Barraca d'Aigues Vives;NA;NA
CARLES SALVADOR;Barxeta;NA;NA
MARIANO JORNET PERALES;Bèlgida;NA;NA
GREGORI MAYANS I CISCAR;Bellreguard Poble;NA;NA
JOAN FUSTER;Bellreguard Poble;NA;NA
ASUNCIÓN DE NUESTRA SEÑORA;Benaguasil;39.5951983;-0.5937276
LUIS VIVES;Benaguasil;NA;NA
Instituto de Educación Secundaria;Benaguasil;39.6002075;-0.5883723
LA VALL FARTA;Beneixida;NA;NA
NUESTRA SEÑORA DEL SOCORRO;Benetússer;NA;NA
BLASCO IBÁÑEZ;Benetússer;NA;NA
CRISTOBAL COLÓN;Benetússer;NA;NA
VICENT RICARD BONILLO;Benetússer;NA;NA
MARÍA CARBONELL I SÁNCHEZ;Benetússer;NA;NA
SANT MARC;Beniarjó;NA;NA
EUGENIO MARTÍ SANCHIS;Benicull de Xúquer;NA;NA
CRISTO REY;Benifaió;39.2865525;-0.4286611
SANTA BÁRBARA;Benifaió;39.2873501;-0.4249073
TRULLÁS;Benifaió;NA;NA
ENRIC SOLER I GODES;Benifaió;NA;NA
JAUME II EL JUST;Benifairó de la Valldigna;NA;NA
L'ERMITA;Benifairó de les Valls;NA;NA
LA VALL DE SEGÓ;Benifairó de les Valls;NA;NA
MANUEL GONZÁLEZ MARTÍ;Benifaraig;NA;NA
BEATA INÉS;Benigànim;NA;NA
LES FOIES;Benigànim;NA;NA
EL AVE MARÍA;Benimàmet-Beniferri;NA;NA
BENIMÀMET;Benimàmet-Beniferri;NA;NA
CAMI DE L'HORTA;Benimàmet-Beniferri;NA;NA
BENIMÀMET;Benimàmet-Beniferri;NA;NA
JOSEP GIL I HERVÁS;Benimodo;NA;NA
BLASCO IBÁÑEZ;Beniparrell;NA;NA
ESCLAVAS SAGRADO CORAZÓN DE JESÚS;Benirredrà;NA;NA
VERGE DEL FONAMENT;Benissanó;NA;NA
SANT ANTONI ABAT;Benissoda;38.8308404;-0.5292212
MARQUÉS DE DOS AGUAS;Bétera;NA;NA
NUESTRA SEÑORA DEL CARMEN;Bétera;39.5891372;-0.4635639
CAMP DE TÚRIA;Bétera;39.5874248;-0.4607351
LLOMA DEL MAS;Bétera;39.5834932;-0.4723989
LES ALFÀBEGUES;Bétera;39.596162;-0.4628717
LOS PINOS;Bicorp;39.1306139;-0.7880202
LLUÍS VIVES;Bocairent;NA;NA
Instituto de Educación Secundaria;Bocairent;NA;NA
ALBAIT;Bolbaite;39.0613468;-0.6726331
MARE DE DÉU DEL PILAR;Bonrepòs i Mirambell;NA;NA
MÓNICA PONT;Bufali;NA;NA
BAJO TURIA;Bugarra;39.6104223;-0.7731846
SAGRADA FAMILIA-ATALAYA;Buñol;NA;NA
CERVANTES;Buñol;NA;NA
SAN LUIS;Buñol;NA;NA
LA HOYA DE BUÑOL;Buñol;39.4264205;-0.7845279
JUAN XXIII;Burjassot;39.5132383;-0.413773
LA FONTAINE;Burjassot;39.5132791;-0.4161732
NATIVIDAD DE NUESTRA SEÑORA;Burjassot;39.5038692;-0.4157782
SAN MIGUEL ARCÁNGEL;Burjassot;39.5053213;-0.4067441
EL POUET-NUESTRA SEÑORA DE LOS DESAMPARADOS;Burjassot;NA;NA
FERNANDO DE LOS RÍOS;Burjassot;NA;NA
LES SITGES;Burjassot;NA;NA
MIGUEL BORDONAU;Burjassot;39.5078028;-0.4142619
SAN JUAN DE RIBERA;Burjassot;39.5081531;-0.4081877
COMARCAL;Burjassot;NA;NA
FEDERICA MONTSENY;Burjassot;39.51209;-0.4191863
VICENT ANDRÉS ESTELLÉS;Burjassot;NA;NA
EL TEJO;Campo Arcis;NA;NA
MAESTRO AGUILAR;Camporrobles;NA;NA
CERVANTES;Canals;NA;NA
SANT ANTONI ABAT;Canals;NA;NA
JOSÉ MOLLA;Canals;NA;NA
PAPA CALIXTO III;Canals;NA;NA
VICENTE RIUS GUILLEMES;Canals;NA;NA
FRANCESC GIL;Canals;NA;NA
SIVERA FONT;Canals;38.9683589;-0.5816179
CAMARENA CANET;Canet d'en Berenguer;NA;NA
LA MURALLA;Canet d'en Berenguer;39.6791197;-0.221477
LES PALMERES;Canet d'en Berenguer;39.6772433;-0.2207793
NÚMERO 1;Canet d'en Berenguer;39.6772897;-0.2153446
AVE MARÍA;Carcaixent;NA;NA
MARÍA INMACULADA;Carcaixent;NA;NA
FRANCESC PONS BOIGUES;Carcaixent;NA;NA
JOSÉ BOQUERA OLIVER;Carcaixent;NA;NA
NAVARRO DARÁS;Carcaixent;NA;NA
VÍCTOR OROVAL TOMÁS;Carcaixent;NA;NA
ARABISTA RIBERA;Carcaixent;NA;NA
PARE GUMILLA;Càrcer;NA;NA
Instituto de Educación Secundaria;Càrcer;NA;NA
LA DEVESA;Carlet;NA;NA
BOSCH MARÍN;Carlet;NA;NA
JUAN VICENTE MORA;Carlet;39.2276162;-0.5239527
SANT BERNAT;Carlet;NA;NA
EDUARDO PRIMO MARQUÉS;Carlet;NA;NA
9 D'OCTUBRE;Carlet;NA;NA
VIRGEN DEL PILAR;Carrascalet;NA;NA
LA PAU;Casinos;NA;NA
CASTELLAR-OLIVERAL;Castellar-Oliveral;NA;NA
EL RAVATXOL;Castellar-Oliveral;NA;NA
VERGE DEL REMEI;Castelló de Rugat;NA;NA
MANUEL SANCHIS GUARNER;Castelló de Rugat;NA;NA
MIGUEL DE CERVANTES;Catadau;NA;NA
MESTRE RAMÓN ESTEVE;Catadau;NA;NA
LARRODÉ;Catarroja;39.4104628;-0.4040592
SAN ANTONIO DE PADUA;Catarroja;NA;NA
SAN ANTONIO DE PADUA II;Catarroja;NA;NA
FLORIDA, CENTRE D'ENSENYAMENT SECUNDARI;Catarroja;39.4028308;-0.4067811
BERTOMEU LLORENS I ROYO;Catarroja;NA;NA
JAUME I EL CONQUERIDOR;Catarroja;NA;NA
JOAN XXIII;Catarroja;NA;NA
PALUZIÉ;Catarroja;39.402288;-0.4077491
VIL·LA ROMANA;Catarroja;39.4106094;-0.4060045
BERENGUER DALMAU;Catarroja;39.4091215;-0.4033799
OLEANA;Caudete de las Fuentes;NA;NA
JUAN LACOMBA GUILLOT;Chella;39.0430511;-0.6608336
VIRGEN DEL REMEDIO;Chelva;NA;NA
ALTO TURIA;Chelva;NA;NA
SAN JOSÉ DE LA MONTAÑA;Cheste;NA;NA
ANA LLUCH;Cheste;NA;NA
FRANCISCO GINER DE LOS RÍOS;Cheste;NA;NA
VICENTE BLASCO IBÁÑEZ;Cheste;39.496896;-0.6829642
JOSÉ MARTÍNEZ TORAL;Cheste;NA;NA
RICARDO MARÍN IBÁNEZ;Cheste;39.4978677;-0.6861956
COLEGIO DE LEVANTE;Chiva;NA;NA
DOCTOR CORACHÁN;Chiva;NA;NA
FRANCISCO MARTÍNEZ CULLA;Chiva;39.4748472;-0.7223591
LA MURTA;Chiva;39.469876;-0.711128
MARJANA;Chiva;NA;NA
COFRENTES;Cofrentes;NA;NA
EL CASTELL;Corbera;NA;NA
INMACULADA CONCEPCIÓN;Cullera;39.165692;-0.2560431
LA MILAGROSA;Cullera;39.1655498;-0.2576163
SAN VICENTE FERRER;Cullera;39.1630595;-0.2567214
DOCTOR ALEMANY;Cullera;NA;NA
L'ESCOLAICA;Cullera;NA;NA
SAN AGUSTÍN;Cullera;39.1687679;-0.2597089
SANT ANTONI DE LA MAR;Cullera;NA;NA
BLASCO IBÁÑEZ;Cullera;NA;NA
JOAN LLOPIS MARÍ;Cullera;NA;NA
MESTRE RAFAEL NOGUERA;Daimús;NA;NA
ALTO JUCAR;Dos Aguas;NA;NA
MARÍA INMACULADA;El Puerto;39.6614798;-0.2225385
SAN PEDRO APÓSTOL;El Puerto;39.6604857;-0.2262403
BALADRE;El Puerto;NA;NA
CERVANTES;El Puerto;NA;NA
LA PINAETA;El Puerto;NA;NA
MAESTRO TARAZONA;El Puerto;39.668983;-0.2351654
MARÍA YOCASTA RUÍZ AGUILERA;El Puerto;NA;NA
MEDITERRÁNEO;El Puerto;39.6614707;-0.2208258
NUESTRA SEÑORA DE BEGOÑA;El Puerto;39.6595307;-0.2183814
PROFESOR TIERNO GALVÁN;El Puerto;NA;NA
VICTORIA Y JOAQUÍN RODRIGO;El Puerto;39.665417;-0.2360278
VILAMAR;El Puerto;39.6685118;-0.2225145
CAMP DE MORVEDRE;El Puerto;NA;NA
MARÍA MOLINER;El Puerto;39.6640056;-0.2231018
NÚMERO 5;El Puerto;39.6668682;-0.2228081
SANTA MARÍA DEL PUIG;El Puig de Santa Maria;39.5875798;-0.3039015
GUILLEM D'ENTENÇA;El Puig de Santa Maria;39.591735;-0.3075096
PARE JOFRÉ;El Puig de Santa Maria;NA;NA
Instituto de Educación Secundaria;El Puig de Santa Maria;39.5926377;-0.3076989
LAS COLINAS;El Real de Gandia;NA;NA
BEATO CARMELO;El Real de Gandia;NA;NA
NUESTRA SEÑORA DEL AMPARO;El Real de Gandia;NA;NA
LLUÍS DE SANTÀNGEL;El Saler;NA;NA
EL SALER;El Saler;NA;NA
EDUARDO LÓPEZ PALOP;Enguera;38.9755776;-0.6879822
Instituto de Educación Secundaria;Enguera;NA;NA
MARENY DE BARRAQUETES;Entitat Local de Mareny de Barraquetes;NA;NA
EL PERELLÓ;Entitat Local Perelló;NA;NA
EL BRAÇAL;Estivella;39.7166254;-0.3474792
SAN VICENTE FERRER;Faura;NA;NA
FÉLIX OLMOS;Favara;39.1266215;-0.2930617
MARE DE DÉU DEL PATROCINI;Foios;NA;NA
REI EN JAUME;Foios;NA;NA
ESCULTOR EN FRANCESC BADIA;Foios;NA;NA
COMTE DE SALVATIERRA DE ALAVA;Fontanars Dels Alforins;NA;NA
SAN ANTONIO ABAD;Fortaleny;NA;NA
ENTREVIÑAS;Fuenterrobles;39.5859475;-1.3626013
ABAD SOLA;Gandia;NA;NA
ABECÉ;Gandia;38.9682034;-0.1776116
BORJA;Gandia;NA;NA
ESCOLÀPIES GANDIA;Gandia;NA;NA
GREGORI MAYANS I CISCAR;Gandia;38.9679796;-0.17604
LOS NARANJOS;Gandia;NA;NA
NUESTRA SEÑORA DEL CARMEN;Gandia;NA;NA
REIAL COL·LEGI DE L'ESCOLA PIA DE GANDIA;Gandia;NA;NA
BENIPEIXCAR;Gandia;38.9613339;-0.1893037
BOTÀNIC CAVANILLES;Gandia;NA;NA
CERVANTES;Gandia;NA;NA
JOAN MARTORELL;Gandia;NA;NA
MONTDÚVER;Gandia;NA;NA
ROÍS DE CORELLA;Gandia;38.9651492;-0.1884708
SAN FRANCISCO DE BORJA;Gandia;NA;NA
AUSIÀS MARCH;Gandia;NA;NA
MARIA ENRÍQUEZ;Gandia;NA;NA
TIRANT LO BLANC;Gandia;NA;NA
ESCOLES DEL XÚQUER;Gavarda;NA;NA
MARE DE DÉU DELS DESEMPARATS;Genovés;NA;NA
SERRA CALDERONA;Gilet;39.6739754;-0.3229763
EDELWEISS;Godella;NA;NA
GENÇANA;Godella;NA;NA
INSTITUCIÓN CULTURAL DOMUS;Godella;39.5238866;-0.4149766
LUIS AMIGÓ;Godella;NA;NA
SAGRADO CORAZÓN;Godella;NA;NA
CERVANTES;Godella;39.521228;-0.4191218
EL BARRANQUET;Godella;NA;NA
ENRIQUE TIERNO GALVÁN;Godelleta;39.42378;-0.6876534
MARÍA DE LOS ÁNGELES SUÁREZ DE CALDERÓN;Grau i Platja;NA;NA
JOAN XXIII;Grau i Platja;NA;NA
LES FOIES;Grau i Platja;NA;NA
VELES E VENTS;Grau i Platja;NA;NA
RIU D'ALBAIDA;Guadasséquies;NA;NA
SANT FRANCESC;Guadassuar;NA;NA
BALMES;Guadassuar;39.1894908;-0.4806765
DIDÍN PUIG;Guadassuar;NA;NA
FORN D'ALCEDO;Horno de Alcedo;NA;NA
VALLE DE AYORA-COFRENTES;Jarafuel;39.1399367;-1.0739096
ESCUELA 2;La Cañada;39.5271104;-0.4954648
PALMA;La Cañada;NA;NA
SANTO TOMÁS DE AQUINO;La Cañada;NA;NA
EL PARQUE;La Cañada;NA;NA
LA FONT;La Cañada;38.8912001;-6.985752
LA CANYADA;La Cañada;38.8912001;-6.985752
MARE DE DÉU DELS XICS;La Font de la Figuera;NA;NA
FRANCESC CARRÒS;La Font d'en Carròs;NA;NA
CRISTO DEL MILAGRO;La Llosa de Ranes;NA;NA
CERVANTES;La Pobla de Farnals;39.579502;-0.3269612
GUILLEM D'ALCALÀ;La Pobla de Farnals;39.579502;-0.3269612
SAN JOSÉ;La Pobla de Vallbona;NA;NA
SAN RAFAEL;La Pobla de Vallbona;39.5953342;-0.5536294
COLOR DE MONTE COLORADO;La Pobla de Vallbona;NA;NA
EL CAMPÉS;La Pobla de Vallbona;NA;NA
LLUÍS VIVES;La Pobla de Vallbona;NA;NA
MAS DE TOUS;La Pobla de Vallbona;39.5858471;-0.5398524
LA VEREDA;La Pobla de Vallbona;39.5863967;-0.5401487
RAMÓN ESTEVE;La Pobla del Duc;NA;NA
SANTA ANA;La Pobla Llarga;NA;NA
DOCTOR SANCHIS GUARNER;La Pobla Llarga;NA;NA
PERE D'ESPLUGUES;La Pobla Llarga;NA;NA
SAN ANDRÉS APÓSTOL;L'Alcúdia;NA;NA
BATALLAR;L'Alcúdia;NA;NA
HERETATS;L'Alcúdia;NA;NA
LES COMES;L'Alcúdia;NA;NA
ELS ÉVOLS;L'Alcúdia;NA;NA
LA SÈNIA;L'Alcúdia de Crespins;NA;NA
ISABEL-CLARA SIMÓ;L'Alcúdia de Crespins;NA;NA
SANT PERE APÒSTOL;L'Alqueria de la Comtessa;NA;NA
HELIOS;L'Eliana;NA;NA
IALE;L'Eliana;39.5656613;-0.5439432
NOVASCHOOL L'ELIANA;L'Eliana;NA;NA
EL GARBÍ;L'Eliana;NA;NA
L'OLIVERA;L'Eliana;NA;NA
MONTE ALEGRE;L'Eliana;NA;NA
VIRGEN DEL CARMEN;L'Eliana;NA;NA
L'ELIANA;L'Eliana;NA;NA
LES ERES;L'Ènova;NA;NA
LA COSTERETA;Llanera de Ranes;NA;NA
SANT BLAI;Llaurí;NA;NA
FASTA EL PRAT;Llíria;NA;NA
FRANCISCO LLOPIS LATORRE;Llíria;39.6380229;-0.5769777
SANTA ANA;Llíria;39.6306523;-0.5990735
SANT MIQUEL;Llíria;39.6306683;-0.6007238
SANT VICENT FERRER;Llíria;39.6380229;-0.5769777
CAMP DE TÚRIA;Llíria;NA;NA
LAURONA;Llíria;NA;NA
RIU VERNISSA;Llocnou de Sant Jeroni;NA;NA
SANCHIS GUARNER;Llocnou d'en Fenollet;NA;NA
LLOMA LLARGA;Lloma Llarga;NA;NA
ESCUELA FAMILIAR AGRARIA TORRE-ALEDUA;Llombai;NA;NA
LA MALVESIA;Llombai;NA;NA
SANT FRANCESC DE BORJA;Llombai;39.2816063;-0.5733288
AUSIÀS MARCH;Llutxent;NA;NA
ISABEL LA CATÓLICA;L'Olleria;NA;NA
MANUEL SANCHIS GUARNER;L'Olleria;NA;NA
VERMELLAR;L'Olleria;NA;NA
W.A. MOZART;Loriguilla;NA;NA
LA SERRANÍA;Losa del Obispo;NA;NA
EL CARMEN;Manises;39.4965986;-0.4653278
SAGRADA FAMILIA;Manises;39.494634;-0.4566958
BENJAMÍN BENLLOCH;Manises;39.494634;-0.4566958
ENRIC VALOR I VIVES;Manises;NA;NA
FÉLIX RODRÍGUEZ DE LA FUENTE;Manises;39.494634;-0.4566958
JOAN FUSTER;Manises;39.4902426;-0.4609453
JOSÉ GARCÍA PLANELLS;Manises;39.4979518;-0.467943
VICENTE NICOLAU BALAGUER;Manises;NA;NA
AUSIÀS MARCH;Manises;NA;NA
JOSÉ RODRIGO BOTET;Manises;39.494779;-0.4708199
PERE BOÏL;Manises;NA;NA
PINTOR ESTRUCH;Manuel;NA;NA
CASTILLO DEL REAL;Marines;39.7392122;-0.5306366
JOSÉ SENENT;Masarrochos;NA;NA
BLASCO IBÁÑEZ;Massalavés;NA;NA
SANT LLORENÇ MÀRTIR;Massalfassar;NA;NA
SAGRADA FAMILIA;Massamagrell;NA;NA
OBISPO AMIGÓ;Massamagrell;NA;NA
SAN JUAN EVANGELISTA;Massamagrell;NA;NA
VIRGEN DEL ROSARIO;Massamagrell;39.5717201;-0.3377429
Instituto de Educación Secundaria;Massamagrell;39.5746931;-0.3393294
SAN JOSÉ, SAN ANDRÉS Y SAN BENITO;Massanassa;NA;NA
NÚMERO 2;Massanassa;39.4141585;-0.4012466
LLUÍS VIVES;Massanassa;39.4141585;-0.4012466
Instituto de Educación Secundaria;Massanassa;NA;NA
SAGRADO CORAZÓN;Meliana;NA;NA
EL CRIST;Meliana;39.5281513;-0.3416188
MEDITERRANI;Meliana;NA;NA
LA GARRIGOSA;Meliana;39.5255684;-0.3467411
OLIVERETES;Miramar;38.9536016;-0.1465895
SAGRADO CORAZÓN;Mislata;NA;NA
SANTA CRUZ;Mislata;NA;NA
AMADEO TORTAJADA;Mislata;NA;NA
AUSIÀS MARCH;Mislata;39.4780981;-0.4147168
EL CID;Mislata;NA;NA
GREGORI MAYANS I CÍSCAR;Mislata;NA;NA
JAUME I;Mislata;NA;NA
L'ALMASSIL;Mislata;39.4752159;-0.4236068
MAESTRO SERRANO - MARÍA MOLINER;Mislata;NA;NA
LA MORERIA;Mislata;NA;NA
MOLÍ DEL SOL;Mislata;NA;NA
MÚSIC MARTÍN I SOLER;Mislata;39.4789359;-0.4196539
PADRE MORENO;Mogente/Moixent;NA;NA
Instituto de Educación Secundaria;Mogente/Moixent;38.8705995;-0.756465
CUMBRES SCHOOL;Moncada;NA;NA
SAN JAIME APÓSTOL;Moncada;NA;NA
SAN JOSÉ;Moncada;39.5451692;-0.3911839
SAN PABLO-CEU;Moncada;NA;NA
DOCTOR VICENTE TRENCO;Moncada;NA;NA
JOSÉ MARÍA OLTRA;Moncada;NA;NA
VICENTE BLASCO IBÁÑEZ;Moncada;NA;NA
ENRIQUE TIERNO GALVÁN;Moncada;NA;NA
DOCTOR ESPLUGUES;Montaverner;NA;NA
JULIO VERNE;Monte Vedat;NA;NA
MADRE PETRA;Monte Vedat;39.4170159;-0.4914466
PLEYADE;Monte Vedat;39.4210853;-0.4975347
SANTA TERESA DE JESÚS;Monte Vedat;39.4304676;-0.4794421
VICENT BLASCO IBÁÑEZ;Montesa;NA;NA
SERRA DEL BENICADELL;Montitxelvo/Montichelvo;NA;NA
MONTROI;Montroi/Montroy;NA;NA
EVARISTO CALATAYUD;Montserrat;NA;NA
ALCALANS;Montserrat;NA;NA
LA MASIA;Museros;NA;NA
VICENTE BLASCO IBÁÑEZ;Museros;NA;NA
EMILIO LLUCH;Náquera;39.6606924;-0.4292254
SAN JOSÉ DE CALASANZ;Navarrés;NA;NA
LA CANAL DE NAVARRÉS;Navarrés;39.1033532;-0.6988826
JAUME I;Novelé/Novetlè;38.9800154;-0.547852
EL REBOLLET;Oliva;NA;NA
SAN JOSÉ DE LA MONTAÑA;Oliva;NA;NA
ALFADALÍ;Oliva;NA;NA
HORT DE PALAU;Oliva;NA;NA
LA CARRASCA;Oliva;NA;NA
LLUÍS VIVES;Oliva;NA;NA
SANTA ANNA;Oliva;NA;NA
VERGE DELS DESEMPARATS;Oliva;NA;NA
GABRIEL CÍSCAR;Oliva;NA;NA
GREGORI MAIANS;Oliva;38.9231256;-0.1141697
ALT CARRAIXET;Olocau;40.6381983;-0.3400794
LA CONCEPCIÓN;Ontinyent;38.8274374;-0.605477
LA MILAGROSA;Ontinyent;NA;NA
PUREZA DE MARÍA;Ontinyent;NA;NA
SAN JOSÉ;Ontinyent;NA;NA
SANTA MARÍA;Ontinyent;38.8196831;-0.6097301
BONAVISTA;Ontinyent;NA;NA
LA SOLANA;Ontinyent;NA;NA
LLUÍS VIVES;Ontinyent;38.8182951;-0.6099067
MAESTRO CARMELO RIPOLL;Ontinyent;38.8198537;-0.6018428
MARTÍNEZ VALLS;Ontinyent;NA;NA
VICENTE GIRONÉS MORA;Ontinyent;NA;NA
JAUME I;Ontinyent;38.8244205;-0.6021215
L'ESTACIÓ;Ontinyent;NA;NA
POU CLAR;Ontinyent;NA;NA
CASTELL DE CARBONERA;Otos;NA;NA
LA INMACULADA;Paiporta;NA;NA
AUSIÀS MARCH;Paiporta;NA;NA
JAUME I;Paiporta;NA;NA
L'HORTA;Paiporta;NA;NA
LLUÍS VIVES;Paiporta;NA;NA
ROSA SERRANO;Paiporta;NA;NA
ANDREU ALFARO;Paiporta;39.4299954;-0.4172313
LA SÈNIA;Paiporta;NA;NA
CARMELITAS PATERNA;Paterna;39.4965396;-0.4358174
LICEO HISPANO;Paterna;39.4967115;-0.4345777
NUESTRA SEÑORA DEL ROSARIO;Paterna;39.5238611;-0.4343877
CAMARENA VALTERNA;Paterna;39.5112148;-0.4309159
COMPLEJO PREUNIVERSITARIO MAS CAMARENA;Paterna;39.5501156;-0.4628994
ANTONIO FERRANDIS;Paterna;NA;NA
AUSIÀS MARCH;Paterna;39.5065373;-0.4379561
CLARA CAMPOAMOR;Paterna;39.4993581;-0.4408013
JAIME I EL CONQUISTADOR;Paterna;NA;NA
LA COMA;Paterna;NA;NA
MIGUEL DE CERVANTES;Paterna;NA;NA
SANCHIS GUARNER;Paterna;39.5071951;-0.4532538
TORRE DE PATERNA;Paterna;NA;NA
DOCTOR PESET ALEIXANDRE;Paterna;NA;NA
HENRI MATISSE;Paterna;39.5104405;-0.4500263
MAESTRO JUAN BERNIA;Pedralba;39.6062076;-0.7259715
DOMÍNGUEZ ROCA;Petrés;NA;NA
ESCOLA GAVINA;Picanya;NA;NA
AUSIÀS MARCH;Picanya;39.4361039;-0.4403156
BALADRE;Picanya;NA;NA
ENRIC VALOR;Picanya;NA;NA
AUSIÀS MARCH;Picassent;NA;NA
LA NOSTRA ESCOLA COMARCAL;Picassent;NA;NA
LES CAROLINES;Picassent;NA;NA
SANT CRISTÒFOR MÀRTIR I;Picassent;NA;NA
MARE DE DÉU DE VALLIVANA;Picassent;NA;NA
PRÍNCIPE DE ESPAÑA;Picassent;39.3651305;-0.4550701
SANT IGNASI DE LOIOLA;Picassent;NA;NA
SIBIL·LA MERCER;Picassent;NA;NA
L'OM;Picassent;NA;NA
JOSÉ PEDRÓS;Piles;NA;NA
PINEDO;Pinedo;NA;NA
L'ALCOCERA;Polinyà de Xúquer;NA;NA
MONDÚVER-SAFOR;Potries;NA;NA
ALFINACH;Puçol;NA;NA
VIRGEN AL PIE DE LA CRUZ;Puçol;39.6179274;-0.3087954
BISBE HERVÀS;Puçol;NA;NA
JAUME I;Puçol;NA;NA
LUIS VIVES;Puçol;39.616291;-0.3119402
Instituto de Educación Secundaria;Puçol;39.6110637;-0.3153946
BENAVITES QUART DE LES VALLS;Quart de les Valls;NA;NA
PURÍSIMA CONCEPCIÓN;Quart de Poblet;NA;NA
SAGRADO CORAZÓN;Quart de Poblet;39.4819447;-0.4402585
SAN ENRIQUE;Quart de Poblet;39.4855838;-0.4461109
LA CONSTITUCIÓN;Quart de Poblet;39.4801081;-0.4347923
MARÍA MOLINER;Quart de Poblet;NA;NA
MOLÍ D'ANIMETA;Quart de Poblet;39.4800019;-0.4328501
SAN ONOFRE;Quart de Poblet;39.4831065;-0.4481188
LA SENDA;Quart de Poblet;39.4800768;-0.4373201
RIU TÚRIA;Quart de Poblet;39.485808;-0.4469792
SANTA ANA;Quartell;39.738875;-0.2639465
RAFAEL ALTAMIRA;Quatretonda;NA;NA
LUIS VIVES;Quesa;39.1206333;-0.7401527
ELS GERMANELLS;Rafelbunyol;NA;NA
VERGE DEL MIRACLE;Rafelbunyol;39.5903568;-0.3368809
Instituto de Educación Secundaria;Rafelbunyol;39.5845952;-0.3329103
AUSIÀS MARCH;Rafelcofer;NA;NA
VICENTE BLASCO IBÁÑEZ;Rafelguaraf;NA;NA
SANT PERE APÒSTOL;Real;NA;NA
ALFONSO X EL SABIO;Requena;39.4889621;-1.1009116
LAS HIGUERILLAS;Requena;39.4902688;-1.0957918
LUCIO GIL FAGOAGA;Requena;NA;NA
SERRANO CLAVERO;Requena;NA;NA
NÚMERO 1;Requena;NA;NA
OLEANA;Requena;39.4903963;-1.0943038
ASUNCIÓN DE NUESTRA SEÑORA;Riba-Roja de Túria;NA;NA
CAMP DE TÚRIA;Riba-Roja de Túria;39.5467837;-0.5736826
CERVANTES;Riba-Roja de Túria;39.5432085;-0.5730813
ERES ALTES;Riba-Roja de Túria;NA;NA
MAS DE ESCOTO;Riba-Roja de Túria;NA;NA
EL QUINT;Riba-Roja de Túria;NA;NA
PLA DE NADAL;Riba-Roja de Túria;NA;NA
MIGUEL HERNÁNDEZ;Riola;NA;NA
SAN SEBASTIÁN;Rocafort;39.5274748;-0.4096343
MARE DE DÉU DEL SOCORRO;Rotglà i Corberà;NA;NA
ALFAUIR-RÓTOVA;Rótova;NA;NA
ADVENTISTA;Sagunto/Sagunt;NA;NA
SAN VICENTE FERRER;Sagunto/Sagunt;NA;NA
AUSIÀS MARCH;Sagunto/Sagunt;39.6818679;-0.277441
CRONISTA CHABRET;Sagunto/Sagunt;NA;NA
JOSÉ ROMEU;Sagunto/Sagunt;39.6803372;-0.2718766
MONTÍBER;Sagunto/Sagunt;NA;NA
CLOT DEL MORO;Sagunto/Sagunt;NA;NA
MANUEL GARCÍA IZQUIERDO;San Antonio;NA;NA
HOME SCHOOL INTERNACIONAL;San Antonio de Benagéber;NA;NA
LA SABINA;San Antonio de Benagéber;39.5721237;-0.5120687
8 DE ABRIL;San Antonio de Benagéber;39.5551253;-0.4985626
BENAGÉBER;San Antonio de Benagéber;39.5636811;-0.5066379
LA RIBERA ALTA;Sant Joanet;NA;NA
SEDAVÍ;Sedaví;39.4270634;-0.3879068
FERNANDO BAIXAULI CHORNET;Sedaví;39.4260568;-0.3881901
SAN CLEMENTE;Sedaví;39.4231954;-0.3826197
VICENTE PLA PAREDES;Sedaví;NA;NA
Instituto de Educación Secundaria;Sedaví;39.4235232;-0.3846877
9 D'OCTUBRE;Senyera;39.0638496;-0.5130208
SANT JOSEP;Serra;NA;NA
VICENTE ALEIXANDRE;Siete Aguas;NA;NA
SAGRADA FAMILIA;Silla;NA;NA
EL PATI;Silla;NA;NA
LUIS VIVES;Silla;NA;NA
REIS CATÒLICS;Silla;43.3637715;-5.8655433
SAN ROQUE;Silla;NA;NA
VERGE DELS DESEMPARATS;Silla;NA;NA
ENRIC VALOR;Silla;NA;NA
MANUEL SANCHIS GUARNER;Silla;NA;NA
VALLDIGNA;Simat de la Valldigna;39.0459137;-0.3127613
LA ESTELA;Sinarcas;NA;NA
LÓPEZ MARCO;Sollana;NA;NA
E. JARDÍN ATENEO SUECO DEL SOCORRO;Sueca;39.1990835;-0.3151343
LA ENCARNACIÓN;Sueca;NA;NA
LUIS VIVES;Sueca;NA;NA
MARÍA AUXILIADORA;Sueca;39.2038817;-0.3089012
NUESTRA SEÑORA DE FÁTIMA;Sueca;NA;NA
UNIÓN CRISTIANA;Sueca;NA;NA
CARRASQUER;Sueca;NA;NA
CERVANTES;Sueca;NA;NA
JOAN FUSTER;Sueca;NA;NA
REI EN JAUME;Tavernes Blanques;39.5047538;-0.3649378
9 D'OCTUBRE;Tavernes Blanques;39.5047538;-0.3649378
Instituto de Educación Secundaria;Tavernes Blanques;39.5066944;-0.3692121
PARROQUIAL SAN JOSÉ-PATRONATO;Tavernes de la Valldigna;NA;NA
SAN JOSÉ;Tavernes de la Valldigna;NA;NA
ALFÀNDEC;Tavernes de la Valldigna;NA;NA
DIVINA AURORA;Tavernes de la Valldigna;NA;NA
MAGRANER;Tavernes de la Valldigna;NA;NA
SANT MIQUEL;Tavernes de la Valldigna;NA;NA
JAUME II EL JUST;Tavernes de la Valldigna;NA;NA
LA VALLDIGNA;Tavernes de la Valldigna;NA;NA
EL ARMELAR;Terramelar;NA;NA
EL VEDAT;Torrent;NA;NA
FASTA MADRE SACRAMENTO;Torrent;39.4251367;-0.4846142
LA PURÍSIMA;Torrent;NA;NA
MARÍA AUXILIADORA;Torrent;NA;NA
NUESTRA SEÑORA DEL MONTE SIÓN;Torrent;NA;NA
SAN JOSÉ Y SANTA ANA;Torrent;NA;NA
SANTO TOMÁS DE AQUINO;Torrent;NA;NA
ANTONIO MACHADO;Torrent;39.4322477;-0.4773899
EL MOLÍ;Torrent;NA;NA
FEDERICO MAICAS;Torrent;39.4328433;-0.480445
JUAN XXIII;Torrent;NA;NA
LES TERRETES;Torrent;39.4336265;-0.4746527
LOPE DE VEGA;Torrent;NA;NA
MIGUEL HERNÁNDEZ;Torrent;39.4336265;-0.4746527
SAN JUAN BAUTISTA;Torrent;39.4298893;-0.4653708
SANT PASQUAL;Torrent;39.4281657;-0.4748384
VIRGEN DEL ROSARIO;Torrent;39.4390247;-0.4604143
LA MARXADELLA;Torrent;39.4271664;-0.4759639
SERRA PERENXISA;Torrent;NA;NA
TIRANT LO BLANC;Torrent;NA;NA
VELES E VENTS;Torrent;NA;NA
SANTA BÁRBARA;Tous;39.1386554;-0.590563
Colegio de Educación Infantil y Primaria;Tuéjar;NA;NA
JOAQUÍN MUÑOZ;Turís;NA;NA
Instituto de Educación Secundaria;Turís;NA;NA
SANTA ANA;Utiel;39.5663296;-1.2065327
CANÓNIGO MUÑOZ;Utiel;39.5645988;-1.1998676
ENRIQUE RAMBAL;Utiel;39.5723612;-1.2089378
ALAMEDA;Utiel;NA;NA
MIGUEL BALLESTEROS VIANA;Utiel;39.4927174;-1.2850281
ARGOS;Valencia;39.4974755;-0.3988204
AVE MARÍA DE PEÑARROCHA;Valencia;39.4613148;-0.3545014
CHINER VILLARROYA;Valencia;NA;NA
CLARET;Valencia;NA;NA
CLARET FUENSANTA;Valencia;NA;NA
COMENIUS CENTRE EDUCATIU;Valencia;NA;NA
ENGEBA;Valencia;NA;NA
ESCLAVAS DE MARÍA;Valencia;39.465685;-0.3926418
ESCOLÀPIES VALÈNCIA;Valencia;NA;NA
ESCUELAS PÍAS;Valencia;39.473836;-0.3824146
ESCUELAS PÍAS-MALVARROSA;Valencia;39.4818636;-0.3292442
ESCUELAS PROFESIONALES DE ARTESANOS;Valencia;38.8965153;-0.6947181
GRAN ASOCIACIÓN;Valencia;39.4796031;-0.377994
GUADALAVIAR;Valencia;39.4708254;-0.3338588
HERMES SOCIEDAD COOPERATIVA VALENCIANA;Valencia;NA;NA
HOGAR NUESTRA SEÑORA DEL ROSARIO;Valencia;39.4623797;-0.3332675
INMACULADO CORAZÓN DE MARÍA;Valencia;39.4739049;-0.3932703
JESÚS MARÍA;Valencia;NA;NA
JESÚS MARÍA-FUENSANTA;Valencia;NA;NA
LA ANUNCIACIÓN;Valencia;39.4640524;-0.3446685
LA PURÍSIMA;Valencia;39.461527;-0.3325875
LA PURÍSIMA-FRANCISCANAS;Valencia;39.4610655;-0.4032943
LICEO CORBI;Valencia;39.4595884;-0.3635025
LUIS DE SANTÁNGEL;Valencia;39.452197;-0.3869936
LUZ CASANOVA;Valencia;39.4882135;-0.3738464
MANTELLATE;Valencia;39.4865583;-0.3862898
MARÍA AUXILIADORA;Valencia;39.4926642;-0.3730726
MARÍA INMACULADA;Valencia;39.4834497;-0.3870759
MARNI;Valencia;39.4961561;-0.3686145
MERCURIO;Valencia;39.485458;-0.3765677
NUESTRA SEÑORA DE FÁTIMA;Valencia;39.4679107;-0.4045129
NUESTRA SEÑORA DE LORETO;Valencia;39.4636624;-0.3622492
NUESTRA SEÑORA DE LOS DESAMPARADOS;Valencia;39.4502786;-0.3325985
NUESTRA SEÑORA DEL CARMEN-SAN VICENTE PAÚL;Valencia;39.4906867;-0.3915484
NUESTRA SEÑORA DEL PILAR;Valencia;39.4708254;-0.3338588
NUESTRA SEÑORA DEL ROSARIO;Valencia;39.4296865;-0.3650215
NUESTRA SEÑORA DEL SOCORRO;Valencia;NA;NA
PÍO XII;Valencia;39.4954077;-0.3526252
PUREZA DE MARÍA-CID;Valencia;39.4707454;-0.4091303
PUREZA DE MARÍA-GRAO;Valencia;NA;NA
SAGRADA FAMILIA-HHDC;Valencia;39.4884218;-0.4022858
SAGRADA FAMILIA-PJO;Valencia;39.4906505;-0.3572962
SAGRADO CORAZÓN DE JESÚS -CARMELITAS-;Valencia;39.6788124;-0.2817167
SAGRADO CORAZÓN DE JESÚS -ESCLAVAS-;Valencia;39.4754908;-0.363344
SAGRADO CORAZÓN HH. MARISTAS;Valencia;39.4649129;-0.3631387
SALESIANOS SAN ANTONIO ABAD;Valencia;39.4908396;-0.3733598
SALESIANOS-SAN JUAN BOSCO;Valencia;39.452621;-0.3696925
SAN JOSÉ DE CALASANZ;Valencia;39.4762968;-0.3637661
SAN JOSÉ HERMANAS FRANCISCANAS DE LA INMACULADA;Valencia;NA;NA
SAN JUAN BOSCO;Valencia;39.4828754;-0.3856839
SAN MARCELINO;Valencia;NA;NA
SAN PEDRO PASCUAL;Valencia;39.4734531;-0.3926952
SAN ROQUE;Valencia;39.4936524;-0.39285
SAN VICENTE FERRER-DOMINICOS;Valencia;39.1856563;-0.4348008
SANTA ANA;Valencia;39.4675726;-0.353924
SANTA MAGDALENA SOFÍA;Valencia;NA;NA
SANTA MARÍA;Valencia;39.4559189;-0.4013702
SANTIAGO APÓSTOL CABANYAL;Valencia;39.4740262;-0.3297201
SANTIAGO APÓSTOL MARXALENES;Valencia;39.4853085;-0.3807683
SANTÍSIMA TRINIDAD;Valencia;39.4845996;-0.376969
SOM ESCOLA;Valencia;39.4714316;-0.4062115
TRAFALGAR;Valencia;NA;NA
VILAVELLA;Valencia;NA;NA
MARJO;Valencia;39.4932486;-0.3931585
MARTÍ SOROLLA;Valencia;NA;NA
MERCERATOR;Valencia;39.4950555;-0.3697076
SALGUI;Valencia;39.4449477;-0.3913647
SAN LUIS GONZAGA;Valencia;39.4563513;-0.3674432
AULA 3;Valencia;39.5894105;-0.5469687
PROFESIONAL SOROLLA;Valencia;39.4484543;-0.3773714
ALEJANDRA SOLER;Valencia;39.4617743;-0.3744834
ALMUDENA MUÑOZ;Valencia;NA;NA
ANGELINA CARNICER;Valencia;39.4289697;-0.4129806
ANTONIO GARCÍA LÓPEZ;Valencia;39.4666894;-0.3467917
ANTONIO MACHADO;Valencia;NA;NA
BALLESTER FANDOS;Valencia;39.4792342;-0.3285954
BENIMACLET;Valencia;NA;NA
CAMPANAR;Valencia;39.4824028;-0.3953793
CARLES SALVADOR;Valencia;NA;NA
CAVITE-ISLA DE HIERRO;Valencia;39.4756462;-0.3268743
CERVANTES;Valencia;39.468596;-0.3805458
CIUDAD DE BOLONIA;Valencia;39.461462;-0.3996333
CIUTAT ARTISTA FALLER;Valencia;NA;NA
COMUNITAT VALENCIANA;Valencia;39.4846029;-0.3943772
DOCTOR BARCIA GOYANES;Valencia;NA;NA
DOCTOR OLÓRIZ;Valencia;39.4846144;-0.380453
EL GRAU;Valencia;39.463146;-0.3552057
ELISEO VIDAL;Valencia;39.4572381;-0.3986053
EXPLORADOR ANDRÉS;Valencia;38.3968875;-0.4371628
FAUSTO MARTÍNEZ;Valencia;NA;NA
FEDERICO GARCÍA LORCA;Valencia;39.5800313;-0.5097819
FERNANDO DE LOS RIOS;Valencia;39.4550978;-0.3776944
FRANCISCO GINER DE LOS RÍOS;Valencia;NA;NA
GASPAR GIL POLO;Valencia;39.4672612;-0.4024135
HUMANISTA MARINER;Valencia;NA;NA
IVAF-LUIS FORTICH;Valencia;39.4535146;-0.396381
JAIME BALMES;Valencia;39.8161329;-0.424999
JAUME I;Valencia;NA;NA
JESÚS;Valencia;39.4580173;-0.3896708
JOSÉ SOTO MICÓ;Valencia;39.4499314;-0.3897048
JUAN MANUEL MONTOYA;Valencia;NA;NA
LA FONTETA;Valencia;NA;NA
L'ALBEREDA;Valencia;NA;NA
L'AMISTAT;Valencia;39.4720721;-0.3504517
LAS MORERAS;Valencia;39.4499837;-0.3323451
LES ARENES;Valencia;39.4672182;-0.3273311
LES ARTS;Valencia;NA;NA
LLUÍS GUARNER;Valencia;39.4890472;-0.3923075
LUIS VIVES;Valencia;39.4681727;-0.384893
MALVA-ROSA;Valencia;NA;NA
MARE NOSTRUM;Valencia;39.4708254;-0.3338588
MAX AUB;Valencia;39.4888404;-0.3719081
MESTALLA;Valencia;39.4718414;-0.3554927
MIGUEL HERNÁNDEZ;Valencia;NA;NA
MIQUEL ADLERT I NOGUEROL;Valencia;39.4680164;-0.3466068
MONTOLIVET;Valencia;NA;NA
NICOLAU PRIMITIU GÓMEZ SERRANO;Valencia;NA;NA
NUESTRA SEÑORA DEL CARMEN;Valencia;NA;NA
PABLO NERUDA;Valencia;39.4470743;-0.3721813
PADRE MANJÓN;Valencia;NA;NA
PARE CATALÀ;Valencia;NA;NA
PROFESOR BARTOLOMÉ COSSIO;Valencia;39.4920849;-0.369854
PROFESOR LUIS BRAILLE;Valencia;39.4898074;-0.3803558
PROFESOR SANCHIS GUARNER;Valencia;39.4927596;-0.3791934
PROFESOR SANTIAGO GRISOLIA;Valencia;38.3968875;-0.4371628
PROFESSOR RAMIRO JOVER;Valencia;39.4454809;-0.3929918
RAFAEL ALTAMIRA;Valencia;39.6808991;-0.2243615
RAFAEL MATEU CÁMARA;Valencia;NA;NA
RAQUEL PAYA;Valencia;39.4662922;-0.4028175
RODRÍGUEZ FORNOS;Valencia;39.4620686;-0.3992015
SALVADOR TUSET;Valencia;39.4915668;-0.3909279
SAN FERNANDO;Valencia;39.4856562;-0.3679483
SAN JOSÉ DE CALASANZ;Valencia;39.4582605;-0.3356636
SAN JUAN DE RIBERA;Valencia;39.4835721;-1.0906464
SAN PEDRO;Valencia;39.4687366;-0.3379772
SANT ISIDRE;Valencia;NA;NA
SANTA TERESA;Valencia;NA;NA
SANTO ÁNGEL DE LA GUARDA;Valencia;NA;NA
SARA FERNÁNDEZ;Valencia;NA;NA
SECTOR AÉREO;Valencia;39.46652;-0.4003728
SERRERÍA;Valencia;39.4678339;-0.3352345
TEODORO LLORENTE;Valencia;39.4702753;-0.3888485
TOMÁS DE MONTAÑANA;Valencia;39.463146;-0.3552057
TOMÁS DE VILLARROYA;Valencia;39.447128;-0.3912629
TORREFIEL;Valencia;39.4953251;-0.3777793
VICENTE BLASCO IBÁÑEZ;Valencia;39.6756508;-0.2110405
VICENTE GAOS;Valencia;NA;NA
VIVERS;Valencia;39.4401166;-0.6032582
8 DE MARÇ;Valencia;39.4647297;-0.3956992
9 D'OCTUBRE;Valencia;39.4741546;-0.3985482
AIORA;Valencia;39.4664724;-0.3392786
PRIMER MARQUÉS DEL TURIA;Valencia;NA;NA
ABASTOS;Valencia;39.4684518;-0.3885658
BALEARES;Valencia;39.4587413;-0.3412655
BARRI DEL CARME;Valencia;39.4799358;-0.3817455
BENICALAP;Valencia;39.4884946;-0.3910571
BENLLIURE;Valencia;NA;NA
CAMPANAR;Valencia;NA;NA
CID CAMPEADOR;Valencia;39.4651422;-0.3994836
CONSELLERIA;Valencia;NA;NA
DISTRICTE MARÍTIM;Valencia;39.459673;-0.3445464
EL CABANYAL;Valencia;NA;NA
EL CLOT;Valencia;39.4899074;-0.3795147
EL GRAO;Valencia;39.4620683;-0.332022
FONT DE SANT LLUÍS;Valencia;39.4542672;-0.3643584
FRANCESC FERRER I GUÀRDIA;Valencia;NA;NA
ISABEL DE VILLENA;Valencia;39.4778885;-0.3253558
JOANOT MARTORELL;Valencia;39.440499;-0.3903325
JORDI DE SANT JORDI;Valencia;NA;NA
JOSÉ BALLESTER GOZALVO;Valencia;NA;NA
JUAN DE GARAY;Valencia;39.4547778;-0.395392
LUIS VIVES;Valencia;39.4681939;-0.3779457
MALILLA;Valencia;NA;NA
NÚMERO 26;Valencia;39.4650074;-0.4110317
ORRIOLS;Valencia;39.4943136;-0.3650839
PATRAIX, VICENTA FERRER ESCRIVÁ;Valencia;39.8194165;-0.2313426
RAMON LLULL;Valencia;39.4760266;-0.3460821
RASCANYA-ANTONIO CAÑUELO;Valencia;39.4942951;-0.3606933
SAN VICENTE FERRER;Valencia;39.5958347;-0.6041337
SERPIS;Valencia;NA;NA
SOROLLA;Valencia;NA;NA
RAMÓN MARTÍ SORIANO;Vallada;NA;NA
Instituto de Educación Secundaria;Vallada;NA;NA
MAESTRO VICTORIO MONTES;Venta del Moro;NA;NA
SANTA ANA;Vilallonga/Villalonga;NA;NA
VERGE DE LA FONT;Vilallonga/Villalonga;NA;NA
VALL DE LA SAFOR;Vilallonga/Villalonga;NA;NA
SAN FRANCISCO Y SANTO DOMINGO;Vilamarxant;NA;NA
HORTA MAJOR;Vilamarxant;NA;NA
LA PEA;Vilamarxant;NA;NA
LES RODANES;Vilamarxant;NA;NA
HERNÁNDEZ;Villanueva de Castellón;39.0744947;-0.5143317
SANTO DOMINGO;Villanueva de Castellón;NA;NA
SEVERÍ TORRES;Villanueva de Castellón;NA;NA
VICENTE GANDIA;Villanueva de Castellón;NA;NA
FABIÁN Y FUERO;Villar del Arzobispo;NA;NA
LA SERRANÍA;Villar del Arzobispo;NA;NA
SANTA JOAQUINA DE VEDRUNA;Vinalesa;NA;NA
JOSÉ BLAT GIMENO;Vinalesa;NA;NA
CLARET;Xàtiva;NA;NA
NUESTRA SEÑORA DE LA SEO;Xàtiva;NA;NA
LA INMACULADA;Xàtiva;NA;NA
ATTILIO BRUSCHETTI;Xàtiva;NA;NA
LA BOLA;Xàtiva;NA;NA
MARTÍNEZ BELLVER;Xàtiva;38.9857615;-0.5270497
TAQUÍGRAFO MARTÍ;Xàtiva;38.9869828;-0.5202508
GOZALBES VERA;Xàtiva;NA;NA
DOCTOR LLUÍS SIMARRO LACABRA;Xàtiva;38.9865534;-0.5330254
JOSEP DE RIBERA;Xàtiva;NA;NA
JOANOT MARTORELL;Xeraco;NA;NA
MONTDÚVER;Xeraco;NA;NA
SANT ANTONI DE PÀDUA;Xeresa;NA;NA
NUESTRA SEÑORA DE LA SALUD;Xirivella;39.4655358;-0.4232777
ANTONIO MACHADO;Xirivella;NA;NA
GREGORI MAYANS I CISCAR;Xirivella;NA;NA
MIGUEL DE CERVANTES;Xirivella;39.4626788;-0.4296526
RAMÓN Y CAJAL;Xirivella;39.4639675;-0.4385011
REI EN JAUME;Xirivella;NA;NA
VICENT TOSCA;Xirivella;39.4660098;-0.4167007
GONZALO ANAYA;Xirivella;NA;NA
RAMON MUNTANER;Xirivella;NA;NA
PINTOR SOROLLA;Yátova;39.3846293;-0.8069375
